#
# A fatal error has been detected by the Java Runtime Environment:
#
#  SIGSEGV (0xb) at pc=0x00007f732f2c3609, pid=46821, tid=46845
#
# JRE version: OpenJDK Runtime Environment (17.0.7+7) (build 17.0.7+7-nixos)
# Java VM: OpenJDK 64-Bit Server VM (17.0.7+7-nixos, mixed mode, sharing, tiered, compressed oops, compressed class ptrs, g1 gc, linux-amd64)
# Problematic frame:
# C  [libc.so.6+0x9e609]  __libc_free+0x69
#
# Core dump will be written. Default location: Core dumps may be processed with "/nix/store/nij4l9jzmdh55dnbqbcslvjjnxwyizry-systemd/lib/systemd/systemd-coredump %P %u %g %s %t %c %h" (or dumping to /home/cooperfrolich/Documents/Tic Tac Toe Multiplayer/v7/core.46821)
#
# If you would like to submit a bug report, please visit:
#   https://bugreport.java.com/bugreport/crash.jsp
# The crash happened outside the Java Virtual Machine in native code.
# See problematic frame for where to report the bug.
#

---------------  S U M M A R Y ------------

Command Line: -Dawt.useSystemAAFontSettings=on -Xmx512M --add-opens=javafx.graphics/com.sun.glass.ui=ALL-UNNAMED bluej.Boot /home/cooperfrolich/Documents/Tic Tac Toe Multiplayer/v7/package.bluej

Host: Intel(R) Core(TM) i7-2600S CPU @ 2.80GHz, 8 cores, 11G, NixOS 24.05 (Uakari)
Time: Sun May 19 19:15:28 2024 CDT elapsed time: 5956.883253 seconds (0d 1h 39m 16s)

---------------  T H R E A D  ---------------

Current thread (0x00007f729c0e7a90):  JavaThread "JavaFX Application Thread" [_thread_in_native, id=46845, stack(0x00007f7304700000,0x00007f7304800000)]

Stack: [0x00007f7304700000,0x00007f7304800000],  sp=0x00007f73047fcca0,  free space=1011k
Native frames: (J=compiled Java code, j=interpreted, Vv=VM code, C=native code)
C  [libc.so.6+0x9e609]  __libc_free+0x69

Java frames: (J=compiled Java code, j=interpreted, Vv=VM code)
j  com.sun.glass.ui.gtk.GtkWindow._close(J)Z+0 javafx.graphics@17.0.7
j  com.sun.glass.ui.Window.close()V+63 javafx.graphics@17.0.7
j  com.sun.javafx.tk.quantum.WindowStage.lambda$close$4()Ljava/lang/Object;+42 javafx.graphics@17.0.7
j  com.sun.javafx.tk.quantum.WindowStage$$Lambda$827+0x00000008014760c0.get()Ljava/lang/Object;+4 javafx.graphics@17.0.7
j  com.sun.javafx.tk.quantum.QuantumToolkit.runWithRenderLock(Ljava/util/function/Supplier;)Ljava/lang/Object;+7 javafx.graphics@17.0.7
j  com.sun.javafx.tk.quantum.WindowStage.close()V+10 javafx.graphics@17.0.7
j  javafx.stage.Window$12.invalidated()V+689 javafx.graphics@17.0.7
J 8732 c2 javafx.beans.property.BooleanPropertyBase.set(Z)V javafx.base@17.0.7 (76 bytes) @ 0x00007f7314296308 [0x00007f73142962a0+0x0000000000000068]
j  javafx.stage.Window.setShowing(Z)V+11 javafx.graphics@17.0.7
j  javafx.stage.Window.hide()V+2 javafx.graphics@17.0.7
j  bluej.terminal.Terminal.showHide(Z)V+33
j  bluej.terminal.Terminal.lambda$makeMenuBar$22(Ljavafx/event/ActionEvent;)V+2
j  bluej.terminal.Terminal$$Lambda$485+0x0000000801386f60.handle(Ljavafx/event/Event;)V+8
J 9483 c2 com.sun.javafx.event.EventHandlerManager.dispatchBubblingEvent(Ljavafx/event/Event;)Ljavafx/event/Event; javafx.base@17.0.7 (23 bytes) @ 0x00007f73141346a0 [0x00007f7314134300+0x00000000000003a0]
J 9369 c2 com.sun.javafx.event.BasicEventDispatcher.dispatchEvent(Ljavafx/event/Event;Ljavafx/event/EventDispatchChain;)Ljavafx/event/Event; javafx.base@17.0.7 (44 bytes) @ 0x00007f7313e0fef0 [0x00007f7313e0fdc0+0x0000000000000130]
J 12691 c2 javafx.event.Event.fireEvent(Ljavafx/event/EventTarget;Ljavafx/event/Event;)V javafx.base@17.0.7 (35 bytes) @ 0x00007f7314728acc [0x00007f7314728700+0x00000000000003cc]
j  javafx.scene.control.MenuItem.fire()V+10 javafx.controls@17.0.7
j  com.sun.javafx.scene.control.ControlAcceleratorSupport.lambda$doAcceleratorInstall$2(Ljavafx/scene/control/MenuItem;)V+120 javafx.controls@17.0.7
j  com.sun.javafx.scene.control.ControlAcceleratorSupport$$Lambda$740+0x0000000801400bc0.run()V+4 javafx.controls@17.0.7
j  com.sun.javafx.scene.KeyboardShortcutsHandler.processAccelerators(Ljavafx/scene/input/KeyEvent;)V+85 javafx.graphics@17.0.7
J 9428 c1 com.sun.javafx.scene.KeyboardShortcutsHandler.dispatchBubblingEvent(Ljavafx/event/Event;)Ljavafx/event/Event; javafx.graphics@17.0.7 (60 bytes) @ 0x00007f730c9ef6dc [0x00007f730c9ef200+0x00000000000004dc]
J 10100 c2 com.sun.javafx.event.CompositeEventDispatcher.dispatchBubblingEvent(Ljavafx/event/Event;)Ljavafx/event/Event; javafx.base@17.0.7 (35 bytes) @ 0x00007f73142b900c [0x00007f73142b8fa0+0x000000000000006c]
J 9369 c2 com.sun.javafx.event.BasicEventDispatcher.dispatchEvent(Ljavafx/event/Event;Ljavafx/event/EventDispatchChain;)Ljavafx/event/Event; javafx.base@17.0.7 (44 bytes) @ 0x00007f7313e0fef0 [0x00007f7313e0fdc0+0x0000000000000130]
J 9369 c2 com.sun.javafx.event.BasicEventDispatcher.dispatchEvent(Ljavafx/event/Event;Ljavafx/event/EventDispatchChain;)Ljavafx/event/Event; javafx.base@17.0.7 (44 bytes) @ 0x00007f7313e0fea4 [0x00007f7313e0fdc0+0x00000000000000e4]
J 10837 c2 com.sun.javafx.event.EventUtil.fireEvent(Ljavafx/event/EventTarget;Ljavafx/event/Event;)Ljavafx/event/Event; javafx.base@17.0.7 (81 bytes) @ 0x00007f731441fb90 [0x00007f731441fa80+0x0000000000000110]
J 12951 c1 javafx.scene.Scene$KeyHandler.process(Ljavafx/scene/input/KeyEvent;)V javafx.graphics@17.0.7 (38 bytes) @ 0x00007f730c81f7cc [0x00007f730c81efe0+0x00000000000007ec]
J 12954 c1 javafx.scene.Scene.processKeyEvent(Ljavafx/scene/input/KeyEvent;)V javafx.graphics@17.0.7 (32 bytes) @ 0x00007f730c625a94 [0x00007f730c625460+0x0000000000000634]
J 12517 c1 com.sun.javafx.tk.quantum.GlassViewEventHandler$KeyEventNotification.run()Ljava/lang/Void; javafx.graphics@17.0.7 (434 bytes) @ 0x00007f730d49518c [0x00007f730d493900+0x000000000000188c]
J 12514 c1 com.sun.javafx.tk.quantum.GlassViewEventHandler$$Lambda$870+0x0000000801526540.get()Ljava/lang/Object; javafx.graphics@17.0.7 (8 bytes) @ 0x00007f730d4920fc [0x00007f730d491e40+0x00000000000002bc]
J 11404 c2 com.sun.javafx.tk.quantum.QuantumToolkit.runWithoutRenderLock(Ljava/util/function/Supplier;)Ljava/lang/Object; javafx.graphics@17.0.7 (49 bytes) @ 0x00007f731437ff18 [0x00007f731437fe60+0x00000000000000b8]
J 12512 c1 com.sun.javafx.tk.quantum.GlassViewEventHandler.handleKeyEvent(Lcom/sun/glass/ui/View;JII[CI)V javafx.graphics@17.0.7 (63 bytes) @ 0x00007f730d491354 [0x00007f730d490f20+0x0000000000000434]
J 11837 c1 com.sun.glass.ui.View.handleKeyEvent(JII[CI)V javafx.graphics@17.0.7 (24 bytes) @ 0x00007f730d30b9a4 [0x00007f730d30b840+0x0000000000000164]
J 11836 c1 com.sun.glass.ui.View.notifyKey(II[CI)V javafx.graphics@17.0.7 (13 bytes) @ 0x00007f730d30b4fc [0x00007f730d30b440+0x00000000000000bc]
v  ~StubRoutines::call_stub
j  com.sun.glass.ui.gtk.GtkApplication._runLoop(Ljava/lang/Runnable;Z)V+0 javafx.graphics@17.0.7
j  com.sun.glass.ui.gtk.GtkApplication.lambda$runLoop$11(Ljava/lang/Runnable;Z)V+7 javafx.graphics@17.0.7
j  com.sun.glass.ui.gtk.GtkApplication$$Lambda$60+0x00000008010327a0.run()V+12 javafx.graphics@17.0.7
j  java.lang.Thread.run()V+11 java.base@17.0.7
v  ~StubRoutines::call_stub

siginfo: si_signo: 11 (SIGSEGV), si_code: 1 (SEGV_MAPERR), si_addr: 0x00007f72f8000000

Register to memory mapping:

RAX=0x00007f72f8000000 is an unknown value
RBX=0xffffffffffffff88 is an unknown value
RCX=0x00007f7274000090 points into unknown readable memory: 0x00007f7275536dd0 | d0 6d 53 75 72 7f 00 00
RDX=0xfffffffffc000000 is an unknown value
RSP=0x00007f73047fcca0 is pointing into the stack for thread: 0x00007f729c0e7a90
RBP=0x000000000000000b is an unknown value
RSI=0x00007f72f93a5084 points into unknown readable memory: 38 2f 43 6f
RDI=0x00007f732f403ac0: <offset 0x00000000001deac0> in /nix/store/apab5i73dqa09wx0q27b6fbhd1r18ihl-glibc-2.39-31/lib/libc.so.6 at 0x00007f732f225000
R8 =0x0000000000000120 is an unknown value
R9 =0x0000000000000007 is an unknown value
R10=0x0000000000000007 is an unknown value
R11=0x00007f7274694b10 points into unknown readable memory: 0x00007f72750bfa30 | 30 fa 0b 75 72 7f 00 00
R12=0x00007f729c0a4420 points into unknown readable memory: 0x00007f729c0a1360 | 60 13 0a 9c 72 7f 00 00
R13={method} {0x00007f72ec500b90} '_close' '(J)Z' in 'com/sun/glass/ui/gtk/GtkWindow'
R14=0x00007f73047fce08 is pointing into the stack for thread: 0x00007f729c0e7a90
R15=0x00007f729c0e7a90 is a thread


Registers:
RAX=0x00007f72f8000000, RBX=0xffffffffffffff88, RCX=0x00007f7274000090, RDX=0xfffffffffc000000
RSP=0x00007f73047fcca0, RBP=0x000000000000000b, RSI=0x00007f72f93a5084, RDI=0x00007f732f403ac0
R8 =0x0000000000000120, R9 =0x0000000000000007, R10=0x0000000000000007, R11=0x00007f7274694b10
R12=0x00007f729c0a4420, R13=0x00007f72ec500b90, R14=0x00007f73047fce08, R15=0x00007f729c0e7a90
RIP=0x00007f732f2c3609, EFLAGS=0x0000000000010206, CSGSFS=0x002b000000000033, ERR=0x0000000000000004
  TRAPNO=0x000000000000000e

Top of Stack: (sp=0x00007f73047fcca0)
0x00007f73047fcca0:   0000000000000000 00007f72ec500b90
0x00007f73047fccb0:   00007f73047fce08 00007f7274123c30
0x00007f73047fccc0:   00007f7274123c30 00007f732ed2914f
0x00007f73047fccd0:   0000000000000000 00007f732ed29381 

Instructions: (pc=0x00007f732f2c3609)
0x00007f732f2c3509:   8b 05 e9 f8 13 00 64 c7 00 16 00 00 00 31 c0 e9
0x00007f732f2c3519:   fe fe ff ff 0f 1f 00 48 89 fb e9 fc fc ff ff 4c
0x00007f732f2c3529:   89 e7 48 89 44 24 08 e8 ab c9 fe ff 48 8b 44 24
0x00007f732f2c3539:   08 e9 d3 fd ff ff 4c 89 e7 e8 d9 c8 fe ff e9 a0
0x00007f732f2c3549:   fd ff ff 49 8b 33 40 f6 c6 0f 75 15 48 89 f0 48
0x00007f732f2c3559:   c1 e8 0c 48 33 06 49 89 03 48 89 f0 e9 67 ff ff
0x00007f732f2c3569:   ff 48 8d 3d 2f 78 10 00 e8 4a b6 ff ff 48 8d 0d
0x00007f732f2c3579:   7b 7c 10 00 ba 4b 0e 00 00 48 8d 35 0d 1a 10 00
0x00007f732f2c3589:   48 8d 3d 70 7a 10 00 e8 2b 9f f9 ff 66 66 2e 0f
0x00007f732f2c3599:   1f 84 00 00 00 00 00 f3 0f 1e fa 48 85 ff 0f 84
0x00007f732f2c35a9:   bb 00 00 00 55 48 8d 77 f0 53 48 83 ec 18 48 8b
0x00007f732f2c35b9:   1d 3a f8 13 00 48 8b 47 f8 64 8b 2b a8 02 75 57
0x00007f732f2c35c9:   48 8b 15 c8 f7 13 00 64 48 83 3a 00 0f 84 95 00
0x00007f732f2c35d9:   00 00 48 8d 3d de 04 14 00 a8 04 74 26 48 8b 15
0x00007f732f2c35e9:   c3 fb 13 00 48 8d 04 95 00 00 00 00 48 f7 d8 48
0x00007f732f2c35f9:   85 d2 48 c7 c2 00 00 00 fc 48 0f 44 c2 48 21 f0
0x00007f732f2c3609:   48 8b 38 31 d2 e8 6d d5 ff ff 64 89 2b 48 83 c4
0x00007f732f2c3619:   18 5b 5d c3 0f 1f 00 8b 15 a2 fb 13 00 85 d2 75
0x00007f732f2c3629:   26 48 39 05 5f fb 13 00 73 1d 48 3d 00 00 00 02
0x00007f732f2c3639:   77 15 48 83 e0 f8 48 89 05 4a fb 13 00 48 01 c0
0x00007f732f2c3649:   48 89 05 30 fb 13 00 48 89 f7 e8 c8 b6 ff ff 64
0x00007f732f2c3659:   89 2b 48 83 c4 18 5b 5d c3 66 0f 1f 44 00 00 c3
0x00007f732f2c3669:   0f 1f 80 00 00 00 00 48 8b 15 29 f7 13 00 48 89
0x00007f732f2c3679:   3c 24 64 80 3a 00 0f 85 56 ff ff ff 48 89 74 24
0x00007f732f2c3689:   08 e8 41 f1 ff ff 48 8b 3c 24 48 8b 74 24 08 48
0x00007f732f2c3699:   8b 47 f8 e9 3a ff ff ff 66 66 2e 0f 1f 84 00 00
0x00007f732f2c36a9:   00 00 00 0f 1f 40 00 f3 0f 1e fa 48 8b 05 dd f6
0x00007f732f2c36b9:   13 00 48 8b 15 de f6 13 00 41 54 55 53 64 48 8b
0x00007f732f2c36c9:   28 64 c6 02 01 48 85 ed 74 65 64 48 c7 00 00 00
0x00007f732f2c36d9:   00 00 48 8d 9d 80 00 00 00 4c 8d a5 80 02 00 00
0x00007f732f2c36e9:   eb 17 0f 1f 44 00 00 48 89 f8 48 c1 e8 0c 48 33
0x00007f732f2c36f9:   07 48 89 03 e8 9e fe ff ff 48 8b 3b 48 85 ff 74 


Stack slot to memory mapping:
stack at sp + 0 slots: 0x0 is NULL
stack at sp + 1 slots: {method} {0x00007f72ec500b90} '_close' '(J)Z' in 'com/sun/glass/ui/gtk/GtkWindow'
stack at sp + 2 slots: 0x00007f73047fce08 is pointing into the stack for thread: 0x00007f729c0e7a90
stack at sp + 3 slots: 0x00007f7274123c30 points into unknown readable memory: 0x00007f732edfd720 | 20 d7 df 2e 73 7f 00 00
stack at sp + 4 slots: 0x00007f7274123c30 points into unknown readable memory: 0x00007f732edfd720 | 20 d7 df 2e 73 7f 00 00
stack at sp + 5 slots: 0x00007f732ed2914f: _XimLocalIMFree+0x000000000000002f in /nix/store/h0aal69rli3p604dmijx7mps1diwx4f3-libX11-1.8.9/lib/libX11.so.6 at 0x00007f732ecbb000
stack at sp + 6 slots: 0x0 is NULL
stack at sp + 7 slots: 0x00007f732ed29381: <offset 0x000000000006e381> in /nix/store/h0aal69rli3p604dmijx7mps1diwx4f3-libX11-1.8.9/lib/libX11.so.6 at 0x00007f732ecbb000


---------------  P R O C E S S  ---------------

Threads class SMR info:
_java_thread_list=0x00007f71c002e690, length=29, elements={
0x00007f7324014980, 0x00007f7324112a30, 0x00007f7324113ea0, 0x00007f73241196b0,
0x00007f732411aaf0, 0x00007f732411bf90, 0x00007f732411d9d0, 0x00007f732411ef90,
0x00007f7324128480, 0x00007f73241669c0, 0x00007f7324168970, 0x00007f732418e960,
0x00007f729c0552f0, 0x00007f729c0e4ab0, 0x00007f729c0e7a90, 0x00007f72740433e0,
0x00007f72749ab720, 0x00007f7274a74940, 0x00007f729809c090, 0x00007f7274bb2c50,
0x00007f7274cda050, 0x00007f71bc074ad0, 0x00007f71bc0756b0, 0x00007f71bc075f40,
0x00007f71bc076c20, 0x00007f71bc077750, 0x00007f71bc0781a0, 0x00007f71bc079060,
0x00007f71bc079bb0
}

Java Threads: ( => current thread )
  0x00007f7324014980 JavaThread "main" [_thread_blocked, id=46822, stack(0x00007f732cf8e000,0x00007f732d08e000)]
  0x00007f7324112a30 JavaThread "Reference Handler" daemon [_thread_blocked, id=46829, stack(0x00007f7328b3b000,0x00007f7328c3b000)]
  0x00007f7324113ea0 JavaThread "Finalizer" daemon [_thread_blocked, id=46830, stack(0x00007f7328a3b000,0x00007f7328b3b000)]
  0x00007f73241196b0 JavaThread "Signal Dispatcher" daemon [_thread_blocked, id=46831, stack(0x00007f732893b000,0x00007f7328a3b000)]
  0x00007f732411aaf0 JavaThread "Service Thread" daemon [_thread_blocked, id=46832, stack(0x00007f7328500000,0x00007f7328600000)]
  0x00007f732411bf90 JavaThread "Monitor Deflation Thread" daemon [_thread_blocked, id=46833, stack(0x00007f7328400000,0x00007f7328500000)]
  0x00007f732411d9d0 JavaThread "C2 CompilerThread0" daemon [_thread_blocked, id=46834, stack(0x00007f7328300000,0x00007f7328400000)]
  0x00007f732411ef90 JavaThread "C1 CompilerThread0" daemon [_thread_blocked, id=46835, stack(0x00007f7328200000,0x00007f7328300000)]
  0x00007f7324128480 JavaThread "Sweeper thread" daemon [_thread_blocked, id=46836, stack(0x00007f7328100000,0x00007f7328200000)]
  0x00007f73241669c0 JavaThread "Common-Cleaner" daemon [_thread_blocked, id=46837, stack(0x00007f7328000000,0x00007f7328100000)]
  0x00007f7324168970 JavaThread "Notification Thread" daemon [_thread_blocked, id=46838, stack(0x00007f7323f00000,0x00007f7324000000)]
  0x00007f732418e960 JavaThread "JavaFX-Launcher" [_thread_blocked, id=46840, stack(0x00007f7305f00000,0x00007f7306000000)]
  0x00007f729c0552f0 JavaThread "QuantumRenderer-0" daemon [_thread_blocked, id=46841, stack(0x00007f7305e00000,0x00007f7305f00000)]
  0x00007f729c0e4ab0 JavaThread "InvokeLaterDispatcher" daemon [_thread_blocked, id=46844, stack(0x00007f7305082000,0x00007f7305182000)]
=>0x00007f729c0e7a90 JavaThread "JavaFX Application Thread" [_thread_in_native, id=46845, stack(0x00007f7304700000,0x00007f7304800000)]
  0x00007f72740433e0 JavaThread "subMain thread" [_thread_blocked, id=46846, stack(0x00007f7304600000,0x00007f7304700000)]
  0x00007f72749ab720 JavaThread "Prism Font Disposer" daemon [_thread_blocked, id=46866, stack(0x00007f72ebf00000,0x00007f72ec000000)]
  0x00007f7274a74940 JavaThread "pool-2-thread-1" [_thread_blocked, id=46868, stack(0x00007f72eb23a000,0x00007f72eb33a000)]
  0x00007f729809c090 JavaThread "Cleaner-0" daemon [_thread_blocked, id=46873, stack(0x00007f72eaf3a000,0x00007f72eb03a000)]
  0x00007f7274bb2c50 JavaThread "Disposer" daemon [_thread_blocked, id=46906, stack(0x00007f72e871f000,0x00007f72e881f000)]
  0x00007f7274cda050 JavaThread "BlueJ compiler thread" [_thread_blocked, id=46940, stack(0x00007f7304086000,0x00007f7304186000)]
  0x00007f71bc074ad0 JavaThread "process reaper (pid 52931)" daemon [_thread_in_native, id=52932, stack(0x00007f73045de000,0x00007f7304600000)]
  0x00007f71bc0756b0 JavaThread "JDI Internal Event Handler" daemon [_thread_blocked, id=52949, stack(0x00007f72f9283000,0x00007f72f9383000)]
  0x00007f71bc075f40 JavaThread "JDI Target VM Interface" daemon [_thread_in_native, id=52951, stack(0x00007f72eab3a000,0x00007f72eac3a000)]
  0x00007f71bc076c20 JavaThread "BlueJ I/O Handler" [_thread_in_native, id=52954, stack(0x00007f7304286000,0x00007f7304386000)]
  0x00007f71bc077750 JavaThread "BlueJ I/O Handler" [_thread_in_native, id=52955, stack(0x00007f72f8f83000,0x00007f72f9083000)]
  0x00007f71bc0781a0 JavaThread "BlueJ I/O Handler" [_thread_blocked, id=52956, stack(0x00007f72f8d83000,0x00007f72f8e83000)]
  0x00007f71bc079060 JavaThread "VM Event Handler Helper" [_thread_blocked, id=52957, stack(0x00007f72f9183000,0x00007f72f9283000)]
  0x00007f71bc079bb0 JavaThread "vm-event-handler" [_thread_blocked, id=52958, stack(0x00007f72f9083000,0x00007f72f9183000)]

Other Threads:
  0x00007f732410e8f0 VMThread "VM Thread" [stack: 0x00007f7328c3d000,0x00007f7328d3d000] [id=46828]
  0x00007f732416a340 WatcherThread [stack: 0x00007f730c100000,0x00007f730c200000] [id=46839]
  0x00007f7324043120 GCTaskThread "GC Thread#0" [stack: 0x00007f7329b00000,0x00007f7329c00000] [id=46823]
  0x00007f72e4006040 GCTaskThread "GC Thread#1" [stack: 0x00007f72f9d00000,0x00007f72f9e00000] [id=46853]
  0x00007f72e4006b70 GCTaskThread "GC Thread#2" [stack: 0x00007f72f8b00000,0x00007f72f8c00000] [id=46854]
  0x00007f72e40076a0 GCTaskThread "GC Thread#3" [stack: 0x00007f72f89fe000,0x00007f72f8afe000] [id=46855]
  0x00007f72e40081d0 GCTaskThread "GC Thread#4" [stack: 0x00007f72f88fc000,0x00007f72f89fc000] [id=46856]
  0x00007f72e4008d00 GCTaskThread "GC Thread#5" [stack: 0x00007f72f87fa000,0x00007f72f88fa000] [id=46857]
  0x00007f72e4009830 GCTaskThread "GC Thread#6" [stack: 0x00007f72f86f8000,0x00007f72f87f8000] [id=46858]
  0x00007f72e400a360 GCTaskThread "GC Thread#7" [stack: 0x00007f72f85f6000,0x00007f72f86f6000] [id=46859]
  0x00007f73240487b0 ConcurrentGCThread "G1 Main Marker" [stack: 0x00007f73299fe000,0x00007f7329afe000] [id=46824]
  0x00007f73240497a0 ConcurrentGCThread "G1 Conc#0" [stack: 0x00007f73298fc000,0x00007f73299fc000] [id=46825]
  0x00007f7300000ea0 ConcurrentGCThread "G1 Conc#1" [stack: 0x00007f72f80ec000,0x00007f72f81ec000] [id=46864]
  0x00007f73240e99c0 ConcurrentGCThread "G1 Refine#0" [stack: 0x00007f7328ff2000,0x00007f73290f2000] [id=46826]
  0x00007f72f4000ea0 ConcurrentGCThread "G1 Refine#1" [stack: 0x00007f72f84f4000,0x00007f72f85f4000] [id=46860]
  0x00007f7220000ea0 ConcurrentGCThread "G1 Refine#2" [stack: 0x00007f72f83f2000,0x00007f72f84f2000] [id=46861]
  0x00007f721c000ea0 ConcurrentGCThread "G1 Refine#3" [stack: 0x00007f72f82f0000,0x00007f72f83f0000] [id=46862]
  0x00007f7214000ea0 ConcurrentGCThread "G1 Refine#4" [stack: 0x00007f72f81ee000,0x00007f72f82ee000] [id=46863]
  0x00007f73240ea940 ConcurrentGCThread "G1 Service" [stack: 0x00007f7328ef0000,0x00007f7328ff0000] [id=46827]

Threads with active compile tasks:

VM state: not at safepoint (normal execution)

VM Mutex/Monitor currently owned by a thread: None

Heap address: 0x00000000e0000000, size: 512 MB, Compressed Oops mode: 32-bit

CDS archive(s) mapped at: [0x0000000800000000-0x0000000800bef000-0x0000000800bef000), size 12513280, SharedBaseAddress: 0x0000000800000000, ArchiveRelocationMode: 0.
Compressed class space mapped at: 0x0000000801000000-0x0000000841000000, reserved size: 1073741824
Narrow klass base: 0x0000000800000000, Narrow klass shift: 0, Narrow klass range: 0x100000000

GC Precious Log:
 CPUs: 8 total, 8 available
 Memory: 11943M
 Large Page Support: Disabled
 NUMA Support: Disabled
 Compressed Oops: Enabled (32-bit)
 Heap Region Size: 1M
 Heap Min Capacity: 8M
 Heap Initial Capacity: 188M
 Heap Max Capacity: 512M
 Pre-touch: Disabled
 Parallel Workers: 8
 Concurrent Workers: 2
 Concurrent Refinement Workers: 8
 Periodic GC: Disabled

Heap:
 garbage-first heap   total 212992K, used 156076K [0x00000000e0000000, 0x0000000100000000)
  region size 1024K, 90 young (92160K), 6 survivors (6144K)
 Metaspace       used 53621K, committed 54080K, reserved 1114112K
  class space    used 7108K, committed 7296K, reserved 1048576K

Heap Regions: E=young(eden), S=young(survivor), O=old, HS=humongous(starts), HC=humongous(continues), CS=collection set, F=free, OA=open archive, CA=closed archive, TAMS=top-at-mark-start (previous, next)
|   0|0x00000000e0000000, 0x00000000e0100000, 0x00000000e0100000|100%| O|  |TAMS 0x00000000e0000000, 0x00000000e0000000| Untracked 
|   1|0x00000000e0100000, 0x00000000e0200000, 0x00000000e0200000|100%| O|  |TAMS 0x00000000e0200000, 0x00000000e0100000| Untracked 
|   2|0x00000000e0200000, 0x00000000e0300000, 0x00000000e0300000|100%|HS|  |TAMS 0x00000000e0300000, 0x00000000e0200000| Complete 
|   3|0x00000000e0300000, 0x00000000e0400000, 0x00000000e0400000|100%| O|  |TAMS 0x00000000e0400000, 0x00000000e0300000| Untracked 
|   4|0x00000000e0400000, 0x00000000e0500000, 0x00000000e0500000|100%| O|  |TAMS 0x00000000e0500000, 0x00000000e0400000| Untracked 
|   5|0x00000000e0500000, 0x00000000e0600000, 0x00000000e0600000|100%| O|  |TAMS 0x00000000e0600000, 0x00000000e0500000| Untracked 
|   6|0x00000000e0600000, 0x00000000e0700000, 0x00000000e0700000|100%| O|  |TAMS 0x00000000e0700000, 0x00000000e0600000| Untracked 
|   7|0x00000000e0700000, 0x00000000e0800000, 0x00000000e0800000|100%| O|  |TAMS 0x00000000e0800000, 0x00000000e0700000| Untracked 
|   8|0x00000000e0800000, 0x00000000e0900000, 0x00000000e0900000|100%| O|  |TAMS 0x00000000e0900000, 0x00000000e0800000| Untracked 
|   9|0x00000000e0900000, 0x00000000e09eb400, 0x00000000e0a00000| 91%| O|  |TAMS 0x00000000e09eb400, 0x00000000e0900000| Untracked 
|  10|0x00000000e0a00000, 0x00000000e0b00000, 0x00000000e0b00000|100%| O|  |TAMS 0x00000000e0b00000, 0x00000000e0a00000| Untracked 
|  11|0x00000000e0b00000, 0x00000000e0c00000, 0x00000000e0c00000|100%|HS|  |TAMS 0x00000000e0c00000, 0x00000000e0b00000| Complete 
|  12|0x00000000e0c00000, 0x00000000e0d00000, 0x00000000e0d00000|100%|HC|  |TAMS 0x00000000e0d00000, 0x00000000e0c00000| Complete 
|  13|0x00000000e0d00000, 0x00000000e0e00000, 0x00000000e0e00000|100%|HS|  |TAMS 0x00000000e0e00000, 0x00000000e0d00000| Complete 
|  14|0x00000000e0e00000, 0x00000000e0f00000, 0x00000000e0f00000|100%|HC|  |TAMS 0x00000000e0f00000, 0x00000000e0e00000| Complete 
|  15|0x00000000e0f00000, 0x00000000e1000000, 0x00000000e1000000|100%| O|  |TAMS 0x00000000e1000000, 0x00000000e0f00000| Untracked 
|  16|0x00000000e1000000, 0x00000000e1100000, 0x00000000e1100000|100%| O|  |TAMS 0x00000000e1100000, 0x00000000e1000000| Untracked 
|  17|0x00000000e1100000, 0x00000000e1200000, 0x00000000e1200000|100%| O|  |TAMS 0x00000000e1200000, 0x00000000e1100000| Untracked 
|  18|0x00000000e1200000, 0x00000000e1300000, 0x00000000e1300000|100%| O|  |TAMS 0x00000000e1300000, 0x00000000e1200000| Untracked 
|  19|0x00000000e1300000, 0x00000000e1400000, 0x00000000e1400000|100%| O|  |TAMS 0x00000000e1400000, 0x00000000e1300000| Untracked 
|  20|0x00000000e1400000, 0x00000000e1500000, 0x00000000e1500000|100%| O|  |TAMS 0x00000000e1400000, 0x00000000e1400000| Untracked 
|  21|0x00000000e1500000, 0x00000000e1600000, 0x00000000e1600000|100%| O|  |TAMS 0x00000000e1600000, 0x00000000e1500000| Untracked 
|  22|0x00000000e1600000, 0x00000000e1700000, 0x00000000e1700000|100%| O|  |TAMS 0x00000000e1600000, 0x00000000e1600000| Untracked 
|  23|0x00000000e1700000, 0x00000000e1800000, 0x00000000e1800000|100%| O|  |TAMS 0x00000000e1700000, 0x00000000e1700000| Untracked 
|  24|0x00000000e1800000, 0x00000000e1900000, 0x00000000e1900000|100%| O|  |TAMS 0x00000000e1800000, 0x00000000e1800000| Untracked 
|  25|0x00000000e1900000, 0x00000000e1a00000, 0x00000000e1a00000|100%| O|  |TAMS 0x00000000e1900000, 0x00000000e1900000| Untracked 
|  26|0x00000000e1a00000, 0x00000000e1b00000, 0x00000000e1b00000|100%| O|  |TAMS 0x00000000e1a00000, 0x00000000e1a00000| Untracked 
|  27|0x00000000e1b00000, 0x00000000e1b5ee00, 0x00000000e1c00000| 37%| O|  |TAMS 0x00000000e1b00000, 0x00000000e1b00000| Untracked 
|  28|0x00000000e1c00000, 0x00000000e1d00000, 0x00000000e1d00000|100%| O|  |TAMS 0x00000000e1d00000, 0x00000000e1c00000| Untracked 
|  29|0x00000000e1d00000, 0x00000000e1e00000, 0x00000000e1e00000|100%| O|  |TAMS 0x00000000e1e00000, 0x00000000e1d00000| Untracked 
|  30|0x00000000e1e00000, 0x00000000e1f00000, 0x00000000e1f00000|100%| O|  |TAMS 0x00000000e1f00000, 0x00000000e1e00000| Untracked 
|  31|0x00000000e1f00000, 0x00000000e2000000, 0x00000000e2000000|100%| O|  |TAMS 0x00000000e2000000, 0x00000000e1f00000| Untracked 
|  32|0x00000000e2000000, 0x00000000e2100000, 0x00000000e2100000|100%| O|  |TAMS 0x00000000e2100000, 0x00000000e2000000| Untracked 
|  33|0x00000000e2100000, 0x00000000e2200000, 0x00000000e2200000|100%| O|  |TAMS 0x00000000e2200000, 0x00000000e2100000| Untracked 
|  34|0x00000000e2200000, 0x00000000e2300000, 0x00000000e2300000|100%| O|  |TAMS 0x00000000e2300000, 0x00000000e2200000| Untracked 
|  35|0x00000000e2300000, 0x00000000e2400000, 0x00000000e2400000|100%| O|  |TAMS 0x00000000e2400000, 0x00000000e2300000| Untracked 
|  36|0x00000000e2400000, 0x00000000e2500000, 0x00000000e2500000|100%| O|  |TAMS 0x00000000e2500000, 0x00000000e2400000| Untracked 
|  37|0x00000000e2500000, 0x00000000e2600000, 0x00000000e2600000|100%| O|  |TAMS 0x00000000e2600000, 0x00000000e2500000| Untracked 
|  38|0x00000000e2600000, 0x00000000e2700000, 0x00000000e2700000|100%| O|  |TAMS 0x00000000e2700000, 0x00000000e2600000| Untracked 
|  39|0x00000000e2700000, 0x00000000e2800000, 0x00000000e2800000|100%| O|  |TAMS 0x00000000e2800000, 0x00000000e2700000| Untracked 
|  40|0x00000000e2800000, 0x00000000e2900000, 0x00000000e2900000|100%| O|  |TAMS 0x00000000e2900000, 0x00000000e2800000| Untracked 
|  41|0x00000000e2900000, 0x00000000e2a00000, 0x00000000e2a00000|100%| O|  |TAMS 0x00000000e2a00000, 0x00000000e2900000| Untracked 
|  42|0x00000000e2a00000, 0x00000000e2b00000, 0x00000000e2b00000|100%| O|  |TAMS 0x00000000e2b00000, 0x00000000e2a00000| Untracked 
|  43|0x00000000e2b00000, 0x00000000e2b00000, 0x00000000e2c00000|  0%| F|  |TAMS 0x00000000e2b00000, 0x00000000e2b00000| Untracked 
|  44|0x00000000e2c00000, 0x00000000e2c00000, 0x00000000e2d00000|  0%| F|  |TAMS 0x00000000e2c00000, 0x00000000e2c00000| Untracked 
|  45|0x00000000e2d00000, 0x00000000e2e00000, 0x00000000e2e00000|100%| O|  |TAMS 0x00000000e2e00000, 0x00000000e2d00000| Untracked 
|  46|0x00000000e2e00000, 0x00000000e2f00000, 0x00000000e2f00000|100%| O|  |TAMS 0x00000000e2f00000, 0x00000000e2e00000| Untracked 
|  47|0x00000000e2f00000, 0x00000000e2f00000, 0x00000000e3000000|  0%| F|  |TAMS 0x00000000e2f00000, 0x00000000e2f00000| Untracked 
|  48|0x00000000e3000000, 0x00000000e3000000, 0x00000000e3100000|  0%| F|  |TAMS 0x00000000e3000000, 0x00000000e3000000| Untracked 
|  49|0x00000000e3100000, 0x00000000e3100000, 0x00000000e3200000|  0%| F|  |TAMS 0x00000000e3100000, 0x00000000e3100000| Untracked 
|  50|0x00000000e3200000, 0x00000000e3200000, 0x00000000e3300000|  0%| F|  |TAMS 0x00000000e3200000, 0x00000000e3200000| Untracked 
|  51|0x00000000e3300000, 0x00000000e3300000, 0x00000000e3400000|  0%| F|  |TAMS 0x00000000e3300000, 0x00000000e3300000| Untracked 
|  52|0x00000000e3400000, 0x00000000e3400000, 0x00000000e3500000|  0%| F|  |TAMS 0x00000000e3400000, 0x00000000e3400000| Untracked 
|  53|0x00000000e3500000, 0x00000000e3600000, 0x00000000e3600000|100%| O|  |TAMS 0x00000000e3600000, 0x00000000e3500000| Untracked 
|  54|0x00000000e3600000, 0x00000000e3700000, 0x00000000e3700000|100%| O|  |TAMS 0x00000000e3700000, 0x00000000e3600000| Untracked 
|  55|0x00000000e3700000, 0x00000000e3800000, 0x00000000e3800000|100%| O|  |TAMS 0x00000000e3800000, 0x00000000e3700000| Untracked 
|  56|0x00000000e3800000, 0x00000000e3900000, 0x00000000e3900000|100%|HS|  |TAMS 0x00000000e3800000, 0x00000000e3800000| Complete 
|  57|0x00000000e3900000, 0x00000000e3a00000, 0x00000000e3a00000|100%|HC|  |TAMS 0x00000000e3900000, 0x00000000e3900000| Complete 
|  58|0x00000000e3a00000, 0x00000000e3a00000, 0x00000000e3b00000|  0%| F|  |TAMS 0x00000000e3a00000, 0x00000000e3a00000| Untracked 
|  59|0x00000000e3b00000, 0x00000000e3c00000, 0x00000000e3c00000|100%|HS|  |TAMS 0x00000000e3c00000, 0x00000000e3b00000| Complete 
|  60|0x00000000e3c00000, 0x00000000e3d00000, 0x00000000e3d00000|100%|HC|  |TAMS 0x00000000e3d00000, 0x00000000e3c00000| Complete 
|  61|0x00000000e3d00000, 0x00000000e3e00000, 0x00000000e3e00000|100%|HC|  |TAMS 0x00000000e3e00000, 0x00000000e3d00000| Complete 
|  62|0x00000000e3e00000, 0x00000000e3f00000, 0x00000000e3f00000|100%|HC|  |TAMS 0x00000000e3f00000, 0x00000000e3e00000| Complete 
|  63|0x00000000e3f00000, 0x00000000e4000000, 0x00000000e4000000|100%| O|  |TAMS 0x00000000e4000000, 0x00000000e3f00000| Untracked 
|  64|0x00000000e4000000, 0x00000000e4100000, 0x00000000e4100000|100%| O|  |TAMS 0x00000000e4100000, 0x00000000e4000000| Untracked 
|  65|0x00000000e4100000, 0x00000000e4200000, 0x00000000e4200000|100%| O|  |TAMS 0x00000000e41e7400, 0x00000000e4100000| Untracked 
|  66|0x00000000e4200000, 0x00000000e4300000, 0x00000000e4300000|100%| O|  |TAMS 0x00000000e4200000, 0x00000000e4200000| Untracked 
|  67|0x00000000e4300000, 0x00000000e4400000, 0x00000000e4400000|100%| O|  |TAMS 0x00000000e4300000, 0x00000000e4300000| Untracked 
|  68|0x00000000e4400000, 0x00000000e4400000, 0x00000000e4500000|  0%| F|  |TAMS 0x00000000e4400000, 0x00000000e4400000| Untracked 
|  69|0x00000000e4500000, 0x00000000e4500000, 0x00000000e4600000|  0%| F|  |TAMS 0x00000000e4500000, 0x00000000e4500000| Untracked 
|  70|0x00000000e4600000, 0x00000000e4600000, 0x00000000e4700000|  0%| F|  |TAMS 0x00000000e4600000, 0x00000000e4600000| Untracked 
|  71|0x00000000e4700000, 0x00000000e4700000, 0x00000000e4800000|  0%| F|  |TAMS 0x00000000e4700000, 0x00000000e4700000| Untracked 
|  72|0x00000000e4800000, 0x00000000e4800000, 0x00000000e4900000|  0%| F|  |TAMS 0x00000000e4800000, 0x00000000e4800000| Untracked 
|  73|0x00000000e4900000, 0x00000000e4900000, 0x00000000e4a00000|  0%| F|  |TAMS 0x00000000e4900000, 0x00000000e4900000| Untracked 
|  74|0x00000000e4a00000, 0x00000000e4a00000, 0x00000000e4b00000|  0%| F|  |TAMS 0x00000000e4a00000, 0x00000000e4a00000| Untracked 
|  75|0x00000000e4b00000, 0x00000000e4b00000, 0x00000000e4c00000|  0%| F|  |TAMS 0x00000000e4b00000, 0x00000000e4b00000| Untracked 
|  76|0x00000000e4c00000, 0x00000000e4c00000, 0x00000000e4d00000|  0%| F|  |TAMS 0x00000000e4c00000, 0x00000000e4c00000| Untracked 
|  77|0x00000000e4d00000, 0x00000000e4d00000, 0x00000000e4e00000|  0%| F|  |TAMS 0x00000000e4d00000, 0x00000000e4d00000| Untracked 
|  78|0x00000000e4e00000, 0x00000000e4e00000, 0x00000000e4f00000|  0%| F|  |TAMS 0x00000000e4e00000, 0x00000000e4e00000| Untracked 
|  79|0x00000000e4f00000, 0x00000000e4f00000, 0x00000000e5000000|  0%| F|  |TAMS 0x00000000e4f00000, 0x00000000e4f00000| Untracked 
|  80|0x00000000e5000000, 0x00000000e5000000, 0x00000000e5100000|  0%| F|  |TAMS 0x00000000e5000000, 0x00000000e5000000| Untracked 
|  81|0x00000000e5100000, 0x00000000e5100000, 0x00000000e5200000|  0%| F|  |TAMS 0x00000000e5100000, 0x00000000e5100000| Untracked 
|  82|0x00000000e5200000, 0x00000000e5200000, 0x00000000e5300000|  0%| F|  |TAMS 0x00000000e5200000, 0x00000000e5200000| Untracked 
|  83|0x00000000e5300000, 0x00000000e5400000, 0x00000000e5400000|100%| O|  |TAMS 0x00000000e5400000, 0x00000000e5300000| Untracked 
|  84|0x00000000e5400000, 0x00000000e5500000, 0x00000000e5500000|100%| O|  |TAMS 0x00000000e5500000, 0x00000000e5400000| Untracked 
|  85|0x00000000e5500000, 0x00000000e5500000, 0x00000000e5600000|  0%| F|  |TAMS 0x00000000e5500000, 0x00000000e5500000| Untracked 
|  86|0x00000000e5600000, 0x00000000e5700000, 0x00000000e5700000|100%| O|  |TAMS 0x00000000e5700000, 0x00000000e5600000| Untracked 
|  87|0x00000000e5700000, 0x00000000e5800000, 0x00000000e5800000|100%| O|  |TAMS 0x00000000e5800000, 0x00000000e5700000| Untracked 
|  88|0x00000000e5800000, 0x00000000e5900000, 0x00000000e5900000|100%| O|  |TAMS 0x00000000e5900000, 0x00000000e5800000| Untracked 
|  89|0x00000000e5900000, 0x00000000e5900000, 0x00000000e5a00000|  0%| F|  |TAMS 0x00000000e5900000, 0x00000000e5900000| Untracked 
|  90|0x00000000e5a00000, 0x00000000e5a00000, 0x00000000e5b00000|  0%| F|  |TAMS 0x00000000e5a00000, 0x00000000e5a00000| Untracked 
|  91|0x00000000e5b00000, 0x00000000e5b00000, 0x00000000e5c00000|  0%| F|  |TAMS 0x00000000e5b00000, 0x00000000e5b00000| Untracked 
|  92|0x00000000e5c00000, 0x00000000e5c00000, 0x00000000e5d00000|  0%| F|  |TAMS 0x00000000e5c00000, 0x00000000e5c00000| Untracked 
|  93|0x00000000e5d00000, 0x00000000e5d00000, 0x00000000e5e00000|  0%| F|  |TAMS 0x00000000e5d00000, 0x00000000e5d00000| Untracked 
|  94|0x00000000e5e00000, 0x00000000e5e00000, 0x00000000e5f00000|  0%| F|  |TAMS 0x00000000e5e00000, 0x00000000e5e00000| Untracked 
|  95|0x00000000e5f00000, 0x00000000e5f00000, 0x00000000e6000000|  0%| F|  |TAMS 0x00000000e5f00000, 0x00000000e5f00000| Untracked 
|  96|0x00000000e6000000, 0x00000000e6000000, 0x00000000e6100000|  0%| F|  |TAMS 0x00000000e6000000, 0x00000000e6000000| Untracked 
|  97|0x00000000e6100000, 0x00000000e6100000, 0x00000000e6200000|  0%| F|  |TAMS 0x00000000e6100000, 0x00000000e6100000| Untracked 
|  98|0x00000000e6200000, 0x00000000e6200000, 0x00000000e6300000|  0%| F|  |TAMS 0x00000000e6200000, 0x00000000e6200000| Untracked 
|  99|0x00000000e6300000, 0x00000000e6300000, 0x00000000e6400000|  0%| F|  |TAMS 0x00000000e6300000, 0x00000000e6300000| Untracked 
| 100|0x00000000e6400000, 0x00000000e6400000, 0x00000000e6500000|  0%| F|  |TAMS 0x00000000e6400000, 0x00000000e6400000| Untracked 
| 101|0x00000000e6500000, 0x00000000e6500000, 0x00000000e6600000|  0%| F|  |TAMS 0x00000000e6500000, 0x00000000e6500000| Untracked 
| 102|0x00000000e6600000, 0x00000000e6600000, 0x00000000e6700000|  0%| F|  |TAMS 0x00000000e6600000, 0x00000000e6600000| Untracked 
| 103|0x00000000e6700000, 0x00000000e671ceb8, 0x00000000e6800000| 11%| S|CS|TAMS 0x00000000e6700000, 0x00000000e6700000| Complete 
| 104|0x00000000e6800000, 0x00000000e6900000, 0x00000000e6900000|100%| S|CS|TAMS 0x00000000e6800000, 0x00000000e6800000| Complete 
| 105|0x00000000e6900000, 0x00000000e6a00000, 0x00000000e6a00000|100%| S|CS|TAMS 0x00000000e6900000, 0x00000000e6900000| Complete 
| 106|0x00000000e6a00000, 0x00000000e6b00000, 0x00000000e6b00000|100%| S|CS|TAMS 0x00000000e6a00000, 0x00000000e6a00000| Complete 
| 107|0x00000000e6b00000, 0x00000000e6c00000, 0x00000000e6c00000|100%| S|CS|TAMS 0x00000000e6b00000, 0x00000000e6b00000| Complete 
| 108|0x00000000e6c00000, 0x00000000e6d00000, 0x00000000e6d00000|100%| S|CS|TAMS 0x00000000e6c00000, 0x00000000e6c00000| Complete 
| 109|0x00000000e6d00000, 0x00000000e6d00000, 0x00000000e6e00000|  0%| F|  |TAMS 0x00000000e6d00000, 0x00000000e6d00000| Untracked 
| 110|0x00000000e6e00000, 0x00000000e6e00000, 0x00000000e6f00000|  0%| F|  |TAMS 0x00000000e6e00000, 0x00000000e6e00000| Untracked 
| 111|0x00000000e6f00000, 0x00000000e6f00000, 0x00000000e7000000|  0%| F|  |TAMS 0x00000000e6f00000, 0x00000000e6f00000| Untracked 
| 112|0x00000000e7000000, 0x00000000e7000000, 0x00000000e7100000|  0%| F|  |TAMS 0x00000000e7000000, 0x00000000e7000000| Untracked 
| 113|0x00000000e7100000, 0x00000000e7100000, 0x00000000e7200000|  0%| F|  |TAMS 0x00000000e7100000, 0x00000000e7100000| Untracked 
| 114|0x00000000e7200000, 0x00000000e7200000, 0x00000000e7300000|  0%| F|  |TAMS 0x00000000e7200000, 0x00000000e7200000| Untracked 
| 115|0x00000000e7300000, 0x00000000e7300000, 0x00000000e7400000|  0%| F|  |TAMS 0x00000000e7300000, 0x00000000e7300000| Untracked 
| 116|0x00000000e7400000, 0x00000000e7400000, 0x00000000e7500000|  0%| F|  |TAMS 0x00000000e7400000, 0x00000000e7400000| Untracked 
| 117|0x00000000e7500000, 0x00000000e7500000, 0x00000000e7600000|  0%| F|  |TAMS 0x00000000e7500000, 0x00000000e7500000| Untracked 
| 118|0x00000000e7600000, 0x00000000e7600000, 0x00000000e7700000|  0%| F|  |TAMS 0x00000000e7600000, 0x00000000e7600000| Untracked 
| 119|0x00000000e7700000, 0x00000000e7700000, 0x00000000e7800000|  0%| F|  |TAMS 0x00000000e7700000, 0x00000000e7700000| Untracked 
| 120|0x00000000e7800000, 0x00000000e7800000, 0x00000000e7900000|  0%| F|  |TAMS 0x00000000e7800000, 0x00000000e7800000| Untracked 
| 121|0x00000000e7900000, 0x00000000e7900000, 0x00000000e7a00000|  0%| F|  |TAMS 0x00000000e7900000, 0x00000000e7900000| Untracked 
| 122|0x00000000e7a00000, 0x00000000e7b00000, 0x00000000e7b00000|100%| E|  |TAMS 0x00000000e7a00000, 0x00000000e7a00000| Complete 
| 123|0x00000000e7b00000, 0x00000000e7c00000, 0x00000000e7c00000|100%| E|CS|TAMS 0x00000000e7b00000, 0x00000000e7b00000| Complete 
| 124|0x00000000e7c00000, 0x00000000e7d00000, 0x00000000e7d00000|100%| E|CS|TAMS 0x00000000e7c00000, 0x00000000e7c00000| Complete 
| 125|0x00000000e7d00000, 0x00000000e7e00000, 0x00000000e7e00000|100%| E|CS|TAMS 0x00000000e7d00000, 0x00000000e7d00000| Complete 
| 126|0x00000000e7e00000, 0x00000000e7f00000, 0x00000000e7f00000|100%| E|CS|TAMS 0x00000000e7e00000, 0x00000000e7e00000| Complete 
| 127|0x00000000e7f00000, 0x00000000e8000000, 0x00000000e8000000|100%| E|CS|TAMS 0x00000000e7f00000, 0x00000000e7f00000| Complete 
| 128|0x00000000e8000000, 0x00000000e8100000, 0x00000000e8100000|100%| E|CS|TAMS 0x00000000e8000000, 0x00000000e8000000| Complete 
| 129|0x00000000e8100000, 0x00000000e8200000, 0x00000000e8200000|100%| E|CS|TAMS 0x00000000e8100000, 0x00000000e8100000| Complete 
| 130|0x00000000e8200000, 0x00000000e8300000, 0x00000000e8300000|100%| E|CS|TAMS 0x00000000e8200000, 0x00000000e8200000| Complete 
| 131|0x00000000e8300000, 0x00000000e8400000, 0x00000000e8400000|100%| E|CS|TAMS 0x00000000e8300000, 0x00000000e8300000| Complete 
| 132|0x00000000e8400000, 0x00000000e8500000, 0x00000000e8500000|100%| E|CS|TAMS 0x00000000e8400000, 0x00000000e8400000| Complete 
| 133|0x00000000e8500000, 0x00000000e8600000, 0x00000000e8600000|100%| E|CS|TAMS 0x00000000e8500000, 0x00000000e8500000| Complete 
| 134|0x00000000e8600000, 0x00000000e8700000, 0x00000000e8700000|100%| E|CS|TAMS 0x00000000e8600000, 0x00000000e8600000| Complete 
| 135|0x00000000e8700000, 0x00000000e8800000, 0x00000000e8800000|100%| E|CS|TAMS 0x00000000e8700000, 0x00000000e8700000| Complete 
| 136|0x00000000e8800000, 0x00000000e8900000, 0x00000000e8900000|100%| E|CS|TAMS 0x00000000e8800000, 0x00000000e8800000| Complete 
| 137|0x00000000e8900000, 0x00000000e8a00000, 0x00000000e8a00000|100%| E|CS|TAMS 0x00000000e8900000, 0x00000000e8900000| Complete 
| 138|0x00000000e8a00000, 0x00000000e8b00000, 0x00000000e8b00000|100%| E|CS|TAMS 0x00000000e8a00000, 0x00000000e8a00000| Complete 
| 139|0x00000000e8b00000, 0x00000000e8c00000, 0x00000000e8c00000|100%| E|CS|TAMS 0x00000000e8b00000, 0x00000000e8b00000| Complete 
| 140|0x00000000e8c00000, 0x00000000e8d00000, 0x00000000e8d00000|100%| E|CS|TAMS 0x00000000e8c00000, 0x00000000e8c00000| Complete 
| 141|0x00000000e8d00000, 0x00000000e8e00000, 0x00000000e8e00000|100%| E|CS|TAMS 0x00000000e8d00000, 0x00000000e8d00000| Complete 
| 142|0x00000000e8e00000, 0x00000000e8f00000, 0x00000000e8f00000|100%| E|CS|TAMS 0x00000000e8e00000, 0x00000000e8e00000| Complete 
| 143|0x00000000e8f00000, 0x00000000e9000000, 0x00000000e9000000|100%| E|CS|TAMS 0x00000000e8f00000, 0x00000000e8f00000| Complete 
| 144|0x00000000e9000000, 0x00000000e9100000, 0x00000000e9100000|100%| E|CS|TAMS 0x00000000e9000000, 0x00000000e9000000| Complete 
| 145|0x00000000e9100000, 0x00000000e9200000, 0x00000000e9200000|100%| E|CS|TAMS 0x00000000e9100000, 0x00000000e9100000| Complete 
| 146|0x00000000e9200000, 0x00000000e9300000, 0x00000000e9300000|100%| E|CS|TAMS 0x00000000e9200000, 0x00000000e9200000| Complete 
| 147|0x00000000e9300000, 0x00000000e9400000, 0x00000000e9400000|100%| E|CS|TAMS 0x00000000e9300000, 0x00000000e9300000| Complete 
| 148|0x00000000e9400000, 0x00000000e9500000, 0x00000000e9500000|100%| E|CS|TAMS 0x00000000e9400000, 0x00000000e9400000| Complete 
| 149|0x00000000e9500000, 0x00000000e9600000, 0x00000000e9600000|100%| E|CS|TAMS 0x00000000e9500000, 0x00000000e9500000| Complete 
| 150|0x00000000e9600000, 0x00000000e9700000, 0x00000000e9700000|100%| E|CS|TAMS 0x00000000e9600000, 0x00000000e9600000| Complete 
| 151|0x00000000e9700000, 0x00000000e9800000, 0x00000000e9800000|100%| E|CS|TAMS 0x00000000e9700000, 0x00000000e9700000| Complete 
| 152|0x00000000e9800000, 0x00000000e9900000, 0x00000000e9900000|100%| E|CS|TAMS 0x00000000e9800000, 0x00000000e9800000| Complete 
| 153|0x00000000e9900000, 0x00000000e9a00000, 0x00000000e9a00000|100%| E|CS|TAMS 0x00000000e9900000, 0x00000000e9900000| Complete 
| 154|0x00000000e9a00000, 0x00000000e9b00000, 0x00000000e9b00000|100%| E|CS|TAMS 0x00000000e9a00000, 0x00000000e9a00000| Complete 
| 155|0x00000000e9b00000, 0x00000000e9c00000, 0x00000000e9c00000|100%| E|CS|TAMS 0x00000000e9b00000, 0x00000000e9b00000| Complete 
| 156|0x00000000e9c00000, 0x00000000e9d00000, 0x00000000e9d00000|100%| E|CS|TAMS 0x00000000e9c00000, 0x00000000e9c00000| Complete 
| 157|0x00000000e9d00000, 0x00000000e9e00000, 0x00000000e9e00000|100%| E|CS|TAMS 0x00000000e9d00000, 0x00000000e9d00000| Complete 
| 158|0x00000000e9e00000, 0x00000000e9f00000, 0x00000000e9f00000|100%| E|CS|TAMS 0x00000000e9e00000, 0x00000000e9e00000| Complete 
| 159|0x00000000e9f00000, 0x00000000ea000000, 0x00000000ea000000|100%| E|CS|TAMS 0x00000000e9f00000, 0x00000000e9f00000| Complete 
| 160|0x00000000ea000000, 0x00000000ea100000, 0x00000000ea100000|100%| E|CS|TAMS 0x00000000ea000000, 0x00000000ea000000| Complete 
| 161|0x00000000ea100000, 0x00000000ea200000, 0x00000000ea200000|100%| E|CS|TAMS 0x00000000ea100000, 0x00000000ea100000| Complete 
| 162|0x00000000ea200000, 0x00000000ea300000, 0x00000000ea300000|100%| E|CS|TAMS 0x00000000ea200000, 0x00000000ea200000| Complete 
| 163|0x00000000ea300000, 0x00000000ea400000, 0x00000000ea400000|100%| E|CS|TAMS 0x00000000ea300000, 0x00000000ea300000| Complete 
| 164|0x00000000ea400000, 0x00000000ea500000, 0x00000000ea500000|100%| E|CS|TAMS 0x00000000ea400000, 0x00000000ea400000| Complete 
| 165|0x00000000ea500000, 0x00000000ea600000, 0x00000000ea600000|100%| E|CS|TAMS 0x00000000ea500000, 0x00000000ea500000| Complete 
| 166|0x00000000ea600000, 0x00000000ea700000, 0x00000000ea700000|100%| E|CS|TAMS 0x00000000ea600000, 0x00000000ea600000| Complete 
| 167|0x00000000ea700000, 0x00000000ea800000, 0x00000000ea800000|100%| E|CS|TAMS 0x00000000ea700000, 0x00000000ea700000| Complete 
| 168|0x00000000ea800000, 0x00000000ea900000, 0x00000000ea900000|100%| E|CS|TAMS 0x00000000ea800000, 0x00000000ea800000| Complete 
| 169|0x00000000ea900000, 0x00000000eaa00000, 0x00000000eaa00000|100%| E|CS|TAMS 0x00000000ea900000, 0x00000000ea900000| Complete 
| 170|0x00000000eaa00000, 0x00000000eab00000, 0x00000000eab00000|100%| E|CS|TAMS 0x00000000eaa00000, 0x00000000eaa00000| Complete 
| 171|0x00000000eab00000, 0x00000000eac00000, 0x00000000eac00000|100%| E|CS|TAMS 0x00000000eab00000, 0x00000000eab00000| Complete 
| 172|0x00000000eac00000, 0x00000000ead00000, 0x00000000ead00000|100%| E|CS|TAMS 0x00000000eac00000, 0x00000000eac00000| Complete 
| 173|0x00000000ead00000, 0x00000000eae00000, 0x00000000eae00000|100%| E|CS|TAMS 0x00000000ead00000, 0x00000000ead00000| Complete 
| 174|0x00000000eae00000, 0x00000000eaf00000, 0x00000000eaf00000|100%| E|CS|TAMS 0x00000000eae00000, 0x00000000eae00000| Complete 
| 175|0x00000000eaf00000, 0x00000000eb000000, 0x00000000eb000000|100%| E|CS|TAMS 0x00000000eaf00000, 0x00000000eaf00000| Complete 
| 176|0x00000000eb000000, 0x00000000eb100000, 0x00000000eb100000|100%| E|CS|TAMS 0x00000000eb000000, 0x00000000eb000000| Complete 
| 177|0x00000000eb100000, 0x00000000eb200000, 0x00000000eb200000|100%| E|CS|TAMS 0x00000000eb100000, 0x00000000eb100000| Complete 
| 178|0x00000000eb200000, 0x00000000eb300000, 0x00000000eb300000|100%| E|CS|TAMS 0x00000000eb200000, 0x00000000eb200000| Complete 
| 179|0x00000000eb300000, 0x00000000eb400000, 0x00000000eb400000|100%| E|CS|TAMS 0x00000000eb300000, 0x00000000eb300000| Complete 
| 180|0x00000000eb400000, 0x00000000eb500000, 0x00000000eb500000|100%| E|CS|TAMS 0x00000000eb400000, 0x00000000eb400000| Complete 
| 181|0x00000000eb500000, 0x00000000eb600000, 0x00000000eb600000|100%| E|CS|TAMS 0x00000000eb500000, 0x00000000eb500000| Complete 
| 182|0x00000000eb600000, 0x00000000eb700000, 0x00000000eb700000|100%| E|CS|TAMS 0x00000000eb600000, 0x00000000eb600000| Complete 
| 183|0x00000000eb700000, 0x00000000eb800000, 0x00000000eb800000|100%| E|CS|TAMS 0x00000000eb700000, 0x00000000eb700000| Complete 
| 184|0x00000000eb800000, 0x00000000eb900000, 0x00000000eb900000|100%| E|CS|TAMS 0x00000000eb800000, 0x00000000eb800000| Complete 
| 185|0x00000000eb900000, 0x00000000eba00000, 0x00000000eba00000|100%| E|CS|TAMS 0x00000000eb900000, 0x00000000eb900000| Complete 
| 186|0x00000000eba00000, 0x00000000ebb00000, 0x00000000ebb00000|100%| E|CS|TAMS 0x00000000eba00000, 0x00000000eba00000| Complete 
| 187|0x00000000ebb00000, 0x00000000ebc00000, 0x00000000ebc00000|100%| E|CS|TAMS 0x00000000ebb00000, 0x00000000ebb00000| Complete 
| 188|0x00000000ebc00000, 0x00000000ebd00000, 0x00000000ebd00000|100%| E|CS|TAMS 0x00000000ebc00000, 0x00000000ebc00000| Complete 
| 189|0x00000000ebd00000, 0x00000000ebe00000, 0x00000000ebe00000|100%| E|CS|TAMS 0x00000000ebd00000, 0x00000000ebd00000| Complete 
| 190|0x00000000ebe00000, 0x00000000ebf00000, 0x00000000ebf00000|100%| E|CS|TAMS 0x00000000ebe00000, 0x00000000ebe00000| Complete 
| 191|0x00000000ebf00000, 0x00000000ec000000, 0x00000000ec000000|100%| E|CS|TAMS 0x00000000ebf00000, 0x00000000ebf00000| Complete 
| 192|0x00000000ec000000, 0x00000000ec100000, 0x00000000ec100000|100%| E|CS|TAMS 0x00000000ec000000, 0x00000000ec000000| Complete 
| 193|0x00000000ec100000, 0x00000000ec200000, 0x00000000ec200000|100%| E|CS|TAMS 0x00000000ec100000, 0x00000000ec100000| Complete 
| 194|0x00000000ec200000, 0x00000000ec300000, 0x00000000ec300000|100%| E|CS|TAMS 0x00000000ec200000, 0x00000000ec200000| Complete 
| 195|0x00000000ec300000, 0x00000000ec400000, 0x00000000ec400000|100%| E|CS|TAMS 0x00000000ec300000, 0x00000000ec300000| Complete 
| 196|0x00000000ec400000, 0x00000000ec500000, 0x00000000ec500000|100%| E|CS|TAMS 0x00000000ec400000, 0x00000000ec400000| Complete 
| 197|0x00000000ec500000, 0x00000000ec600000, 0x00000000ec600000|100%| E|CS|TAMS 0x00000000ec500000, 0x00000000ec500000| Complete 
| 198|0x00000000ec600000, 0x00000000ec700000, 0x00000000ec700000|100%| E|CS|TAMS 0x00000000ec600000, 0x00000000ec600000| Complete 
| 199|0x00000000ec700000, 0x00000000ec800000, 0x00000000ec800000|100%| E|CS|TAMS 0x00000000ec700000, 0x00000000ec700000| Complete 
| 200|0x00000000ec800000, 0x00000000ec900000, 0x00000000ec900000|100%| E|CS|TAMS 0x00000000ec800000, 0x00000000ec800000| Complete 
| 201|0x00000000ec900000, 0x00000000eca00000, 0x00000000eca00000|100%| E|CS|TAMS 0x00000000ec900000, 0x00000000ec900000| Complete 
| 202|0x00000000eca00000, 0x00000000ecb00000, 0x00000000ecb00000|100%| E|CS|TAMS 0x00000000eca00000, 0x00000000eca00000| Complete 
| 203|0x00000000ecb00000, 0x00000000ecc00000, 0x00000000ecc00000|100%| E|CS|TAMS 0x00000000ecb00000, 0x00000000ecb00000| Complete 
| 204|0x00000000ecc00000, 0x00000000ecd00000, 0x00000000ecd00000|100%| E|CS|TAMS 0x00000000ecc00000, 0x00000000ecc00000| Complete 
| 205|0x00000000ecd00000, 0x00000000ece00000, 0x00000000ece00000|100%| E|CS|TAMS 0x00000000ecd00000, 0x00000000ecd00000| Complete 
| 510|0x00000000ffe00000, 0x00000000ffe7f000, 0x00000000fff00000| 49%|OA|  |TAMS 0x00000000ffe7f000, 0x00000000ffe00000| Untracked 
| 511|0x00000000fff00000, 0x00000000fff85000, 0x0000000100000000| 51%|CA|  |TAMS 0x00000000fff85000, 0x00000000fff00000| Untracked 

Card table byte_map: [0x00007f732ad0d000,0x00007f732ae0d000] _byte_map_base: 0x00007f732a60d000

Marking Bits (Prev, Next): (CMBitMap*) 0x00007f7324043c70, (CMBitMap*) 0x00007f7324043c30
 Prev Bits: [0x00007f7329c00000, 0x00007f732a400000)
 Next Bits: [0x00007f732a400000, 0x00007f732ac00000)

Polling page: 0x00007f732cf83000

Metaspace:

Usage:
  Non-class:     45.42 MB used.
      Class:      6.94 MB used.
       Both:     52.36 MB used.

Virtual space:
  Non-class space:       64.00 MB reserved,      45.69 MB ( 71%) committed,  1 nodes.
      Class space:        1.00 GB reserved,       7.12 MB ( <1%) committed,  1 nodes.
             Both:        1.06 GB reserved,      52.81 MB (  5%) committed. 

Chunk freelists:
   Non-Class:  1.75 MB
       Class:  8.85 MB
        Both:  10.60 MB

MaxMetaspaceSize: unlimited
CompressedClassSpaceSize: 1.00 GB
Initial GC threshold: 21.00 MB
Current GC threshold: 85.44 MB
CDS: on
MetaspaceReclaimPolicy: balanced
 - commit_granule_bytes: 65536.
 - commit_granule_words: 8192.
 - virtual_space_node_default_size: 8388608.
 - enlarge_chunks_in_place: 1.
 - new_chunks_are_fully_committed: 0.
 - uncommit_free_chunks: 1.
 - use_allocation_guard: 0.
 - handle_deallocations: 1.


Internal statistics:

num_allocs_failed_limit: 6.
num_arena_births: 502.
num_arena_deaths: 164.
num_vsnodes_births: 2.
num_vsnodes_deaths: 0.
num_space_committed: 845.
num_space_uncommitted: 0.
num_chunks_returned_to_freelist: 194.
num_chunks_taken_from_freelist: 2347.
num_chunk_merges: 75.
num_chunk_splits: 1507.
num_chunks_enlarged: 1063.
num_inconsistent_stats: 0.

CodeHeap 'non-profiled nmethods': size=120028Kb used=10834Kb max_used=10834Kb free=109193Kb
 bounds [0x00007f7313cc9000, 0x00007f7314769000, 0x00007f731b200000]
CodeHeap 'profiled nmethods': size=120028Kb used=18159Kb max_used=19509Kb free=101868Kb
 bounds [0x00007f730c200000, 0x00007f730d510000, 0x00007f7313737000]
CodeHeap 'non-nmethods': size=5704Kb used=1535Kb max_used=1594Kb free=4168Kb
 bounds [0x00007f7313737000, 0x00007f73139a7000, 0x00007f7313cc9000]
 total_blobs=10960 nmethods=10037 adapters=836
 compilation: enabled
              stopped_count=0, restarted_count=0
 full_count=0

Compilation events (20 events):
Event: 4449.103 Thread 0x00007f732411d9d0 13226       4       javafx.scene.shape.Rectangle$5::invalidated (18 bytes)
Event: 4449.106 Thread 0x00007f732411d9d0 nmethod 13226 0x00007f731474ce10 code [0x00007f731474cfc0, 0x00007f731474d178]
Event: 4452.114 Thread 0x00007f732411d9d0 13227       4       javafx.css.CssParser::selectors (135 bytes)
Event: 4452.155 Thread 0x00007f732411d9d0 nmethod 13227 0x00007f731474d410 code [0x00007f731474d660, 0x00007f731474e900]
Event: 4461.107 Thread 0x00007f732411ef90 13228       3       java.util.concurrent.locks.AbstractQueuedSynchronizer::tryInitializeHead (29 bytes)
Event: 4461.108 Thread 0x00007f732411ef90 nmethod 13228 0x00007f730ce41910 code [0x00007f730ce41ae0, 0x00007f730ce41e70]
Event: 4487.578 Thread 0x00007f732411ef90 13229       3       java.lang.ThreadGroup::checkAccess (14 bytes)
Event: 4487.578 Thread 0x00007f732411ef90 nmethod 13229 0x00007f730c858090 code [0x00007f730c858260, 0x00007f730c8586e0]
Event: 4487.586 Thread 0x00007f732411d9d0 13230       4       java.net.Socket$SocketOutputStream::write (11 bytes)
Event: 4487.668 Thread 0x00007f732411d9d0 nmethod 13230 0x00007f731474f410 code [0x00007f731474f7a0, 0x00007f7314752908]
Event: 4487.668 Thread 0x00007f732411d9d0 13231       4       sun.nio.ch.NioSocketImpl$2::write (11 bytes)
Event: 4487.751 Thread 0x00007f732411d9d0 nmethod 13231 0x00007f7314755010 code [0x00007f73147553a0, 0x00007f73147584e8]
Event: 4487.776 Thread 0x00007f732411d9d0 13232       4       com.sun.tools.jdi.Packet::toByteArray (219 bytes)
Event: 4487.779 Thread 0x00007f732411d9d0 nmethod 13232 0x00007f731475ab90 code [0x00007f731475ad20, 0x00007f731475afd8]
Event: 4487.779 Thread 0x00007f732411d9d0 13233   !   4       com.sun.tools.jdi.SocketConnection::writePacket (183 bytes)
Event: 4487.783 Thread 0x00007f732411d9d0 nmethod 13233 0x00007f731475b110 code [0x00007f731475b300, 0x00007f731475b9f0]
Event: 4598.070 Thread 0x00007f732411ef90 13234       3       com.sun.glass.ui.Screen::equals (235 bytes)
Event: 4598.071 Thread 0x00007f732411ef90 nmethod 13234 0x00007f730cda9410 code [0x00007f730cda9620, 0x00007f730cda9ed0]
Event: 5956.514 Thread 0x00007f732411d9d0 13235       4       com.sun.javafx.sg.prism.NGRegion::renderBackgroundShape (329 bytes)
Event: 5956.549 Thread 0x00007f732411d9d0 nmethod 13235 0x00007f731475be90 code [0x00007f731475c0c0, 0x00007f731475cee0]

GC Heap History (20 events):
Event: 1892.787 GC heap before
{Heap before GC invocations=89 (full 0):
 garbage-first heap   total 212992K, used 161911K [0x00000000e0000000, 0x0000000100000000)
  region size 1024K, 88 young (90112K), 3 survivors (3072K)
 Metaspace       used 51982K, committed 52480K, reserved 1114112K
  class space    used 7050K, committed 7296K, reserved 1048576K
}
Event: 1892.793 GC heap after
{Heap after GC invocations=90 (full 0):
 garbage-first heap   total 212992K, used 76876K [0x00000000e0000000, 0x0000000100000000)
  region size 1024K, 8 young (8192K), 8 survivors (8192K)
 Metaspace       used 51982K, committed 52480K, reserved 1114112K
  class space    used 7050K, committed 7296K, reserved 1048576K
}
Event: 1892.826 GC heap before
{Heap before GC invocations=90 (full 0):
 garbage-first heap   total 212992K, used 78924K [0x00000000e0000000, 0x0000000100000000)
  region size 1024K, 10 young (10240K), 8 survivors (8192K)
 Metaspace       used 51982K, committed 52480K, reserved 1114112K
  class space    used 7050K, committed 7296K, reserved 1048576K
}
Event: 1892.829 GC heap after
{Heap after GC invocations=91 (full 0):
 garbage-first heap   total 212992K, used 61889K [0x00000000e0000000, 0x0000000100000000)
  region size 1024K, 2 young (2048K), 2 survivors (2048K)
 Metaspace       used 51982K, committed 52480K, reserved 1114112K
  class space    used 7050K, committed 7296K, reserved 1048576K
}
Event: 2061.886 GC heap before
{Heap before GC invocations=91 (full 0):
 garbage-first heap   total 212992K, used 162241K [0x00000000e0000000, 0x0000000100000000)
  region size 1024K, 101 young (103424K), 2 survivors (2048K)
 Metaspace       used 52212K, committed 52672K, reserved 1114112K
  class space    used 7056K, committed 7296K, reserved 1048576K
}
Event: 2061.894 GC heap after
{Heap after GC invocations=92 (full 0):
 garbage-first heap   total 212992K, used 71828K [0x00000000e0000000, 0x0000000100000000)
  region size 1024K, 11 young (11264K), 11 survivors (11264K)
 Metaspace       used 52212K, committed 52672K, reserved 1114112K
  class space    used 7056K, committed 7296K, reserved 1048576K
}
Event: 2463.811 GC heap before
{Heap before GC invocations=92 (full 0):
 garbage-first heap   total 212992K, used 165012K [0x00000000e0000000, 0x0000000100000000)
  region size 1024K, 102 young (104448K), 11 survivors (11264K)
 Metaspace       used 52437K, committed 52928K, reserved 1114112K
  class space    used 7063K, committed 7296K, reserved 1048576K
}
Event: 2463.819 GC heap after
{Heap after GC invocations=93 (full 0):
 garbage-first heap   total 212992K, used 68074K [0x00000000e0000000, 0x0000000100000000)
  region size 1024K, 6 young (6144K), 6 survivors (6144K)
 Metaspace       used 52437K, committed 52928K, reserved 1114112K
  class space    used 7063K, committed 7296K, reserved 1048576K
}
Event: 3020.890 GC heap before
{Heap before GC invocations=93 (full 0):
 garbage-first heap   total 212992K, used 165354K [0x00000000e0000000, 0x0000000100000000)
  region size 1024K, 101 young (103424K), 6 survivors (6144K)
 Metaspace       used 52600K, committed 53056K, reserved 1114112K
  class space    used 7069K, committed 7296K, reserved 1048576K
}
Event: 3020.896 GC heap after
{Heap after GC invocations=94 (full 0):
 garbage-first heap   total 212992K, used 68550K [0x00000000e0000000, 0x0000000100000000)
  region size 1024K, 7 young (7168K), 7 survivors (7168K)
 Metaspace       used 52600K, committed 53056K, reserved 1114112K
  class space    used 7069K, committed 7296K, reserved 1048576K
}
Event: 3508.876 GC heap before
{Heap before GC invocations=94 (full 0):
 garbage-first heap   total 212992K, used 164806K [0x00000000e0000000, 0x0000000100000000)
  region size 1024K, 102 young (104448K), 7 survivors (7168K)
 Metaspace       used 52769K, committed 53248K, reserved 1114112K
  class space    used 7076K, committed 7296K, reserved 1048576K
}
Event: 3508.882 GC heap after
{Heap after GC invocations=95 (full 0):
 garbage-first heap   total 212992K, used 68343K [0x00000000e0000000, 0x0000000100000000)
  region size 1024K, 6 young (6144K), 6 survivors (6144K)
 Metaspace       used 52769K, committed 53248K, reserved 1114112K
  class space    used 7076K, committed 7296K, reserved 1048576K
}
Event: 3638.680 GC heap before
{Heap before GC invocations=95 (full 0):
 garbage-first heap   total 212992K, used 166647K [0x00000000e0000000, 0x0000000100000000)
  region size 1024K, 103 young (105472K), 6 survivors (6144K)
 Metaspace       used 53119K, committed 53568K, reserved 1114112K
  class space    used 7090K, committed 7296K, reserved 1048576K
}
Event: 3638.691 GC heap after
{Heap after GC invocations=96 (full 0):
 garbage-first heap   total 212992K, used 70908K [0x00000000e0000000, 0x0000000100000000)
  region size 1024K, 9 young (9216K), 9 survivors (9216K)
 Metaspace       used 53119K, committed 53568K, reserved 1114112K
  class space    used 7090K, committed 7296K, reserved 1048576K
}
Event: 3789.206 GC heap before
{Heap before GC invocations=96 (full 0):
 garbage-first heap   total 212992K, used 166140K [0x00000000e0000000, 0x0000000100000000)
  region size 1024K, 103 young (105472K), 9 survivors (9216K)
 Metaspace       used 53441K, committed 53952K, reserved 1114112K
  class space    used 7102K, committed 7296K, reserved 1048576K
}
Event: 3789.214 GC heap after
{Heap after GC invocations=97 (full 0):
 garbage-first heap   total 212992K, used 73915K [0x00000000e0000000, 0x0000000100000000)
  region size 1024K, 10 young (10240K), 10 survivors (10240K)
 Metaspace       used 53441K, committed 53952K, reserved 1114112K
  class space    used 7102K, committed 7296K, reserved 1048576K
}
Event: 4369.193 GC heap before
{Heap before GC invocations=97 (full 0):
 garbage-first heap   total 212992K, used 165051K [0x00000000e0000000, 0x0000000100000000)
  region size 1024K, 99 young (101376K), 10 survivors (10240K)
 Metaspace       used 53490K, committed 54016K, reserved 1114112K
  class space    used 7102K, committed 7296K, reserved 1048576K
}
Event: 4369.200 GC heap after
{Heap after GC invocations=98 (full 0):
 garbage-first heap   total 212992K, used 71177K [0x00000000e0000000, 0x0000000100000000)
  region size 1024K, 6 young (6144K), 6 survivors (6144K)
 Metaspace       used 53490K, committed 54016K, reserved 1114112K
  class space    used 7102K, committed 7296K, reserved 1048576K
}
Event: 4919.495 GC heap before
{Heap before GC invocations=98 (full 0):
 garbage-first heap   total 212992K, used 165385K [0x00000000e0000000, 0x0000000100000000)
  region size 1024K, 98 young (100352K), 6 survivors (6144K)
 Metaspace       used 53621K, committed 54080K, reserved 1114112K
  class space    used 7108K, committed 7296K, reserved 1048576K
}
Event: 4919.500 GC heap after
{Heap after GC invocations=99 (full 0):
 garbage-first heap   total 212992K, used 71084K [0x00000000e0000000, 0x0000000100000000)
  region size 1024K, 6 young (6144K), 6 survivors (6144K)
 Metaspace       used 53621K, committed 54080K, reserved 1114112K
  class space    used 7108K, committed 7296K, reserved 1048576K
}

Dll operation events (19 events):
Event: 0.004 Loaded shared library /nix/store/maaa5292j41lm6jbzwq6yvbpqxlli6hy-openjdk-17.0.7+7/lib/openjdk/lib/libjava.so
Event: 0.014 Loaded shared library /nix/store/maaa5292j41lm6jbzwq6yvbpqxlli6hy-openjdk-17.0.7+7/lib/openjdk/lib/libjsvml.so
Event: 0.048 Loaded shared library /nix/store/maaa5292j41lm6jbzwq6yvbpqxlli6hy-openjdk-17.0.7+7/lib/openjdk/lib/libnio.so
Event: 0.051 Loaded shared library /nix/store/maaa5292j41lm6jbzwq6yvbpqxlli6hy-openjdk-17.0.7+7/lib/openjdk/lib/libzip.so
Event: 0.056 Loaded shared library /nix/store/maaa5292j41lm6jbzwq6yvbpqxlli6hy-openjdk-17.0.7+7/lib/openjdk/lib/libjimage.so
Event: 0.135 Loaded shared library /nix/store/maaa5292j41lm6jbzwq6yvbpqxlli6hy-openjdk-17.0.7+7/lib/openjdk/lib/libprism_es2.so
Event: 0.219 Loaded shared library /nix/store/maaa5292j41lm6jbzwq6yvbpqxlli6hy-openjdk-17.0.7+7/lib/openjdk/lib/libprism_sw.so
Event: 0.228 Loaded shared library /nix/store/maaa5292j41lm6jbzwq6yvbpqxlli6hy-openjdk-17.0.7+7/lib/openjdk/lib/libglass.so
Event: 0.235 Loaded shared library /nix/store/maaa5292j41lm6jbzwq6yvbpqxlli6hy-openjdk-17.0.7+7/lib/openjdk/lib/libglassgtk3.so
Event: 0.380 Loaded shared library /nix/store/maaa5292j41lm6jbzwq6yvbpqxlli6hy-openjdk-17.0.7+7/lib/openjdk/lib/libjavafx_font.so
Event: 0.486 Loaded shared library /nix/store/maaa5292j41lm6jbzwq6yvbpqxlli6hy-openjdk-17.0.7+7/lib/openjdk/lib/libjavafx_font_freetype.so
Event: 0.900 Loaded shared library /nix/store/maaa5292j41lm6jbzwq6yvbpqxlli6hy-openjdk-17.0.7+7/lib/openjdk/lib/libnet.so
Event: 1.120 Loaded shared library /nix/store/maaa5292j41lm6jbzwq6yvbpqxlli6hy-openjdk-17.0.7+7/lib/openjdk/lib/libextnet.so
Event: 1.186 Loaded shared library /nix/store/maaa5292j41lm6jbzwq6yvbpqxlli6hy-openjdk-17.0.7+7/lib/openjdk/lib/libverify.so
Event: 1.276 Loaded shared library /nix/store/maaa5292j41lm6jbzwq6yvbpqxlli6hy-openjdk-17.0.7+7/lib/openjdk/lib/libjavafx_font_pango.so
Event: 2.060 Loaded shared library /nix/store/maaa5292j41lm6jbzwq6yvbpqxlli6hy-openjdk-17.0.7+7/lib/openjdk/lib/libmanagement.so
Event: 2.062 Loaded shared library /nix/store/maaa5292j41lm6jbzwq6yvbpqxlli6hy-openjdk-17.0.7+7/lib/openjdk/lib/libmanagement_ext.so
Event: 2.220 Loaded shared library /nix/store/maaa5292j41lm6jbzwq6yvbpqxlli6hy-openjdk-17.0.7+7/lib/openjdk/lib/libjfxwebkit.so
Event: 2.443 Loaded shared library /nix/store/maaa5292j41lm6jbzwq6yvbpqxlli6hy-openjdk-17.0.7+7/lib/openjdk/lib/libdecora_sse.so

Deoptimization events (20 events):
Event: 3510.578 Thread 0x00007f729c0e7a90 DEOPT PACKING pc=0x00007f73143a299c sp=0x00007f73047fcd90
Event: 3510.578 Thread 0x00007f729c0e7a90 DEOPT UNPACKING pc=0x00007f731378d699 sp=0x00007f73047fcc08 mode 2
Event: 3514.645 Thread 0x00007f7274cda050 DEOPT PACKING pc=0x00007f730cd9ff1c sp=0x00007f7304182720
Event: 3514.645 Thread 0x00007f7274cda050 DEOPT UNPACKING pc=0x00007f731378de2f sp=0x00007f7304181c08 mode 0
Event: 3627.025 Thread 0x00007f7274cda050 DEOPT PACKING pc=0x00007f730cd9ff1c sp=0x00007f73041827e0
Event: 3627.025 Thread 0x00007f7274cda050 DEOPT UNPACKING pc=0x00007f731378de2f sp=0x00007f7304181cc8 mode 0
Event: 3689.867 Thread 0x00007f7274cda050 DEOPT PACKING pc=0x00007f730c54afe7 sp=0x00007f7304183980
Event: 3689.867 Thread 0x00007f7274cda050 DEOPT UNPACKING pc=0x00007f731378de2f sp=0x00007f7304182f30 mode 0
Event: 3706.347 Thread 0x00007f729c0e7a90 Uncommon trap: trap_request=0xffffff45 fr.pc=0x00007f7314668ca4 relative=0x0000000000000e44
Event: 3706.347 Thread 0x00007f729c0e7a90 Uncommon trap: reason=unstable_if action=reinterpret pc=0x00007f7314668ca4 method=bluej.editor.base.LineDisplay.getCaretPositionForLocalPoint(Ljavafx/geometry/Point2D;)[I @ 50 c2
Event: 3706.347 Thread 0x00007f729c0e7a90 DEOPT PACKING pc=0x00007f7314668ca4 sp=0x00007f73047fd740
Event: 3706.347 Thread 0x00007f729c0e7a90 DEOPT UNPACKING pc=0x00007f731378d699 sp=0x00007f73047fd720 mode 2
Event: 4433.048 Thread 0x00007f729c0e7a90 Uncommon trap: trap_request=0xffffffde fr.pc=0x00007f731436d12c relative=0x0000000000000c4c
Event: 4433.048 Thread 0x00007f729c0e7a90 Uncommon trap: reason=class_check action=maybe_recompile pc=0x00007f731436d12c method=com.sun.javafx.binding.ExpressionHelperBase.trim(I[Ljava/lang/Object;)I @ 72 c2
Event: 4433.048 Thread 0x00007f729c0e7a90 DEOPT PACKING pc=0x00007f731436d12c sp=0x00007f73047fcd50
Event: 4433.048 Thread 0x00007f729c0e7a90 DEOPT UNPACKING pc=0x00007f731378d699 sp=0x00007f73047fcc20 mode 2
Event: 4433.048 Thread 0x00007f729c0e7a90 Uncommon trap: trap_request=0xffffffde fr.pc=0x00007f731436d12c relative=0x0000000000000c4c
Event: 4433.048 Thread 0x00007f729c0e7a90 Uncommon trap: reason=class_check action=maybe_recompile pc=0x00007f731436d12c method=com.sun.javafx.binding.ExpressionHelperBase.trim(I[Ljava/lang/Object;)I @ 72 c2
Event: 4433.048 Thread 0x00007f729c0e7a90 DEOPT PACKING pc=0x00007f731436d12c sp=0x00007f73047fcd50
Event: 4433.048 Thread 0x00007f729c0e7a90 DEOPT UNPACKING pc=0x00007f731378d699 sp=0x00007f73047fcc20 mode 2

Classes unloaded (20 events):
Event: 1747.342 Thread 0x00007f732410e8f0 Unloading class 0x0000000801188400 'java/lang/invoke/LambdaForm$MH+0x0000000801188400'
Event: 1747.342 Thread 0x00007f732410e8f0 Unloading class 0x0000000801188000 'java/lang/invoke/LambdaForm$MH+0x0000000801188000'
Event: 1747.342 Thread 0x00007f732410e8f0 Unloading class 0x0000000801170400 'java/lang/invoke/LambdaForm$DMH+0x0000000801170400'
Event: 1747.342 Thread 0x00007f732410e8f0 Unloading class 0x0000000801024400 'java/lang/invoke/LambdaForm$MH+0x0000000801024400'
Event: 1747.342 Thread 0x00007f732410e8f0 Unloading class 0x0000000801024000 'java/lang/invoke/LambdaForm$MH+0x0000000801024000'
Event: 1747.342 Thread 0x00007f732410e8f0 Unloading class 0x0000000801023c00 'java/lang/invoke/LambdaForm$MH+0x0000000801023c00'
Event: 1747.342 Thread 0x00007f732410e8f0 Unloading class 0x0000000801023800 'java/lang/invoke/LambdaForm$MH+0x0000000801023800'
Event: 1747.342 Thread 0x00007f732410e8f0 Unloading class 0x0000000801023400 'java/lang/invoke/LambdaForm$MH+0x0000000801023400'
Event: 1747.342 Thread 0x00007f732410e8f0 Unloading class 0x0000000801023000 'java/lang/invoke/LambdaForm$MH+0x0000000801023000'
Event: 1747.342 Thread 0x00007f732410e8f0 Unloading class 0x0000000801022c00 'java/lang/invoke/LambdaForm$MH+0x0000000801022c00'
Event: 1747.342 Thread 0x00007f732410e8f0 Unloading class 0x0000000801022800 'java/lang/invoke/LambdaForm$MH+0x0000000801022800'
Event: 1747.342 Thread 0x00007f732410e8f0 Unloading class 0x0000000801022000 'java/lang/invoke/LambdaForm$MH+0x0000000801022000'
Event: 1747.342 Thread 0x00007f732410e8f0 Unloading class 0x0000000801021800 'java/lang/invoke/LambdaForm$MH+0x0000000801021800'
Event: 1747.342 Thread 0x00007f732410e8f0 Unloading class 0x0000000801021400 'java/lang/invoke/LambdaForm$MH+0x0000000801021400'
Event: 1747.342 Thread 0x00007f732410e8f0 Unloading class 0x0000000801020c00 'java/lang/invoke/LambdaForm$MH+0x0000000801020c00'
Event: 1747.342 Thread 0x00007f732410e8f0 Unloading class 0x0000000801020800 'java/lang/invoke/LambdaForm$MH+0x0000000801020800'
Event: 1747.342 Thread 0x00007f732410e8f0 Unloading class 0x0000000801020000 'java/lang/invoke/LambdaForm$MH+0x0000000801020000'
Event: 1747.342 Thread 0x00007f732410e8f0 Unloading class 0x000000080101d000 'java/lang/invoke/LambdaForm$MH+0x000000080101d000'
Event: 1747.342 Thread 0x00007f732410e8f0 Unloading class 0x000000080101cc00 'java/lang/invoke/LambdaForm$MH+0x000000080101cc00'
Event: 1747.342 Thread 0x00007f732410e8f0 Unloading class 0x000000080101c400 'java/lang/invoke/LambdaForm$MH+0x000000080101c400'

Classes redefined (0 events):
No events

Internal exceptions (20 events):
Event: 3789.199 Thread 0x00007f7274cda050 Exception <a 'sun/nio/fs/UnixException'{0x00000000e725ad30}> (0x00000000e725ad30) 
thrown [src/hotspot/share/prims/jni.cpp, line 516]
Event: 3789.199 Thread 0x00007f7274cda050 Exception <a 'sun/nio/fs/UnixException'{0x00000000e7261f40}> (0x00000000e7261f40) 
thrown [src/hotspot/share/prims/jni.cpp, line 516]
Event: 3851.272 Thread 0x00007f715832cf90 Exception <a 'java/lang/InterruptedException'{0x00000000ec7ede38}> (0x00000000ec7ede38) 
thrown [src/hotspot/share/runtime/objectMonitor.cpp, line 1658]
Event: 4433.049 Thread 0x00007f729c0e7a90 Exception <a 'java/io/FileNotFoundException'{0x00000000ec673a48}> (0x00000000ec673a48) 
thrown [src/hotspot/share/prims/jni.cpp, line 516]
Event: 4433.056 Thread 0x00007f729c0e7a90 Exception <a 'java/io/FileNotFoundException'{0x00000000ec59fda0}> (0x00000000ec59fda0) 
thrown [src/hotspot/share/prims/jni.cpp, line 516]
Event: 4433.401 Thread 0x00007f7274cda050 Exception <a 'sun/nio/fs/UnixException'{0x00000000ebf201a0}> (0x00000000ebf201a0) 
thrown [src/hotspot/share/prims/jni.cpp, line 516]
Event: 4433.404 Thread 0x00007f7274cda050 Exception <a 'sun/nio/fs/UnixException'{0x00000000ebe26ca8}> (0x00000000ebe26ca8) 
thrown [src/hotspot/share/prims/jni.cpp, line 516]
Event: 4433.405 Thread 0x00007f7274cda050 Exception <a 'sun/nio/fs/UnixException'{0x00000000ebe34cd0}> (0x00000000ebe34cd0) 
thrown [src/hotspot/share/prims/jni.cpp, line 516]
Event: 4433.405 Thread 0x00007f7274cda050 Exception <a 'sun/nio/fs/UnixException'{0x00000000ebe56670}> (0x00000000ebe56670) 
thrown [src/hotspot/share/prims/jni.cpp, line 516]
Event: 4433.406 Thread 0x00007f7274cda050 Exception <a 'sun/nio/fs/UnixException'{0x00000000ebe6a758}> (0x00000000ebe6a758) 
thrown [src/hotspot/share/prims/jni.cpp, line 516]
Event: 4433.406 Thread 0x00007f7274cda050 Exception <a 'sun/nio/fs/UnixException'{0x00000000ebe6f7a0}> (0x00000000ebe6f7a0) 
thrown [src/hotspot/share/prims/jni.cpp, line 516]
Event: 4433.406 Thread 0x00007f7274cda050 Exception <a 'sun/nio/fs/UnixException'{0x00000000ebe92a78}> (0x00000000ebe92a78) 
thrown [src/hotspot/share/prims/jni.cpp, line 516]
Event: 4433.406 Thread 0x00007f7274cda050 Exception <a 'sun/nio/fs/UnixException'{0x00000000ebea3440}> (0x00000000ebea3440) 
thrown [src/hotspot/share/prims/jni.cpp, line 516]
Event: 4433.407 Thread 0x00007f7274cda050 Exception <a 'sun/nio/fs/UnixException'{0x00000000ebec4238}> (0x00000000ebec4238) 
thrown [src/hotspot/share/prims/jni.cpp, line 516]
Event: 4433.407 Thread 0x00007f7274cda050 Exception <a 'sun/nio/fs/UnixException'{0x00000000ebecd148}> (0x00000000ebecd148) 
thrown [src/hotspot/share/prims/jni.cpp, line 516]
Event: 4433.408 Thread 0x00007f7274cda050 Exception <a 'sun/nio/fs/UnixException'{0x00000000ebd13b20}> (0x00000000ebd13b20) 
thrown [src/hotspot/share/prims/jni.cpp, line 516]
Event: 4433.409 Thread 0x00007f7274cda050 Exception <a 'sun/nio/fs/UnixException'{0x00000000ebd6d8c8}> (0x00000000ebd6d8c8) 
thrown [src/hotspot/share/prims/jni.cpp, line 516]
Event: 4433.409 Thread 0x00007f7274cda050 Exception <a 'sun/nio/fs/UnixException'{0x00000000ebd7bc30}> (0x00000000ebd7bc30) 
thrown [src/hotspot/share/prims/jni.cpp, line 516]
Event: 4433.409 Thread 0x00007f7274cda050 Exception <a 'sun/nio/fs/UnixException'{0x00000000ebd82e40}> (0x00000000ebd82e40) 
thrown [src/hotspot/share/prims/jni.cpp, line 516]
Event: 4487.139 Thread 0x00007f71d4094e30 Exception <a 'java/lang/InterruptedException'{0x00000000eb560598}> (0x00000000eb560598) 
thrown [src/hotspot/share/runtime/objectMonitor.cpp, line 1658]

VM Operations (20 events):
Event: 3843.219 Executing VM operation: Cleanup
Event: 3843.219 Executing VM operation: Cleanup done
Event: 3847.219 Executing VM operation: Cleanup
Event: 3847.219 Executing VM operation: Cleanup done
Event: 3852.220 Executing VM operation: Cleanup
Event: 3852.220 Executing VM operation: Cleanup done
Event: 4369.193 Executing VM operation: G1CollectForAllocation
Event: 4369.200 Executing VM operation: G1CollectForAllocation done
Event: 4433.206 Executing VM operation: Cleanup
Event: 4433.206 Executing VM operation: Cleanup done
Event: 4434.206 Executing VM operation: Cleanup
Event: 4434.206 Executing VM operation: Cleanup done
Event: 4446.207 Executing VM operation: Cleanup
Event: 4446.207 Executing VM operation: Cleanup done
Event: 4487.211 Executing VM operation: Cleanup
Event: 4487.211 Executing VM operation: Cleanup done
Event: 4488.211 Executing VM operation: Cleanup
Event: 4488.211 Executing VM operation: Cleanup done
Event: 4919.495 Executing VM operation: G1CollectForAllocation
Event: 4919.500 Executing VM operation: G1CollectForAllocation done

Events (20 events):
Event: 4487.173 Thread 0x00007f71bc074ad0 Thread added: 0x00007f71bc074ad0
Event: 4487.174 Protecting memory [0x00007f73045de000,0x00007f73045e2000] with protection modes 0
Event: 4487.467 Thread 0x00007f71d40945d0 Thread exited: 0x00007f71d40945d0
Event: 4487.467 Thread 0x00007f71d4093c90 Thread exited: 0x00007f71d4093c90
Event: 4487.574 Thread 0x00007f71bc0756b0 Thread added: 0x00007f71bc0756b0
Event: 4487.574 Protecting memory [0x00007f72f9283000,0x00007f72f9287000] with protection modes 0
Event: 4487.575 Thread 0x00007f71bc075f40 Thread added: 0x00007f71bc075f40
Event: 4487.575 Protecting memory [0x00007f72eab3a000,0x00007f72eab3e000] with protection modes 0
Event: 4487.577 Thread 0x00007f71bc076c20 Thread added: 0x00007f71bc076c20
Event: 4487.577 Protecting memory [0x00007f7304286000,0x00007f730428a000] with protection modes 0
Event: 4487.577 Thread 0x00007f71bc077750 Thread added: 0x00007f71bc077750
Event: 4487.577 Protecting memory [0x00007f72f8f83000,0x00007f72f8f87000] with protection modes 0
Event: 4487.577 Thread 0x00007f71bc0781a0 Thread added: 0x00007f71bc0781a0
Event: 4487.577 Protecting memory [0x00007f72f8d83000,0x00007f72f8d87000] with protection modes 0
Event: 4487.578 Thread 0x00007f71bc079060 Thread added: 0x00007f71bc079060
Event: 4487.578 Protecting memory [0x00007f72f9183000,0x00007f72f9187000] with protection modes 0
Event: 4487.578 Thread 0x00007f71bc079bb0 Thread added: 0x00007f71bc079bb0
Event: 4487.578 Protecting memory [0x00007f72f9083000,0x00007f72f9087000] with protection modes 0
Event: 4487.782 Thread 0x00007f71e4141820 Thread exited: 0x00007f71e4141820
Event: 4547.468 Thread 0x00007f71d4091eb0 Thread exited: 0x00007f71d4091eb0


Dynamic libraries:
e0000000-ece00000 rw-p 00000000 00:00 0 
ece00000-ffe00000 ---p 00000000 00:00 0 
ffe00000-ffe7f000 rw-p 00cad000 08:12 27270980                           /nix/store/maaa5292j41lm6jbzwq6yvbpqxlli6hy-openjdk-17.0.7+7/lib/openjdk/lib/server/classes.jsa
ffe7f000-fff00000 rw-p 00000000 00:00 0 
fff00000-fff85000 rw-p 00c28000 08:12 27270980                           /nix/store/maaa5292j41lm6jbzwq6yvbpqxlli6hy-openjdk-17.0.7+7/lib/openjdk/lib/server/classes.jsa
fff85000-100000000 rw-p 00000000 00:00 0 
800000000-80045c000 rw-p 00001000 08:12 27270980                         /nix/store/maaa5292j41lm6jbzwq6yvbpqxlli6hy-openjdk-17.0.7+7/lib/openjdk/lib/server/classes.jsa
80045c000-800bef000 r--p 0045d000 08:12 27270980                         /nix/store/maaa5292j41lm6jbzwq6yvbpqxlli6hy-openjdk-17.0.7+7/lib/openjdk/lib/server/classes.jsa
800bef000-801000000 ---p 00000000 00:00 0 
801000000-801030000 rw-p 00000000 00:00 0 
801030000-801070000 rw-p 00000000 00:00 0 
801070000-8011b0000 rw-p 00000000 00:00 0 
8011b0000-8011f0000 rw-p 00000000 00:00 0 
8011f0000-8012b0000 rw-p 00000000 00:00 0 
8012b0000-8012f0000 rw-p 00000000 00:00 0 
8012f0000-801370000 rw-p 00000000 00:00 0 
801370000-8014f0000 rw-p 00000000 00:00 0 
8014f0000-801530000 rw-p 00000000 00:00 0 
801530000-8015b0000 rw-p 00000000 00:00 0 
8015b0000-8015f0000 rw-p 00000000 00:00 0 
8015f0000-801600000 ---p 00000000 00:00 0 
801600000-801730000 rw-p 00000000 00:00 0 
801730000-841000000 ---p 00000000 00:00 0 
55cf54dca000-55cf54dcb000 r--p 00000000 08:12 24642214                   /nix/store/maaa5292j41lm6jbzwq6yvbpqxlli6hy-openjdk-17.0.7+7/lib/openjdk/bin/java
55cf54dcb000-55cf54dcc000 r-xp 00001000 08:12 24642214                   /nix/store/maaa5292j41lm6jbzwq6yvbpqxlli6hy-openjdk-17.0.7+7/lib/openjdk/bin/java
55cf54dcc000-55cf54dcd000 r--p 00002000 08:12 24642214                   /nix/store/maaa5292j41lm6jbzwq6yvbpqxlli6hy-openjdk-17.0.7+7/lib/openjdk/bin/java
55cf54dcd000-55cf54dce000 r--p 00002000 08:12 24642214                   /nix/store/maaa5292j41lm6jbzwq6yvbpqxlli6hy-openjdk-17.0.7+7/lib/openjdk/bin/java
55cf54dce000-55cf54dd0000 rw-p 00003000 08:12 24642214                   /nix/store/maaa5292j41lm6jbzwq6yvbpqxlli6hy-openjdk-17.0.7+7/lib/openjdk/bin/java
55cf55aa6000-55cf55b3b000 rw-p 00000000 00:00 0                          [heap]
7f5800000000-7f5809a00000 rw-p 00000000 00:00 0 
7f5809a00000-7f5809a04000 rw-p 00000000 00:00 0 
7f5809a04000-7f5809afc000 rw-p 00000000 00:00 0 
7f5809afc000-7f5809b00000 rw-p 00000000 00:00 0 
7f5809b00000-7f6000000000 rw-p 00000000 00:00 0 
7f6000000000-7f6800000000 ---p 00000000 00:00 0 
7f6800000000-7f6c00000000 rw-p 00000000 00:00 0 
7f7100000000-7f7100004000 ---p 00000000 00:00 0 
7f7100004000-7f7100008000 rw-p 00000000 00:00 0 
7f7100008000-7f7140000000 ---p 00000000 00:00 0 
7f7144000000-7f7144fd8000 rw-p 00000000 00:00 0 
7f7144fd8000-7f7148000000 ---p 00000000 00:00 0 
7f714c000000-7f714c035000 rw-p 00000000 00:00 0 
7f714c035000-7f7150000000 ---p 00000000 00:00 0 
7f7150000000-7f715010b000 rw-p 00000000 00:00 0 
7f715010b000-7f7154000000 ---p 00000000 00:00 0 
7f7158000000-7f71587f1000 rw-p 00000000 00:00 0 
7f71587f1000-7f715c000000 ---p 00000000 00:00 0 
7f715c000000-7f715c046000 rw-p 00000000 00:00 0 
7f715c046000-7f7160000000 ---p 00000000 00:00 0 
7f7164000000-7f7164021000 rw-p 00000000 00:00 0 
7f7164021000-7f7168000000 ---p 00000000 00:00 0 
7f7168000000-7f7168021000 rw-p 00000000 00:00 0 
7f7168021000-7f716c000000 ---p 00000000 00:00 0 
7f7170000000-7f7170044000 rw-p 00000000 00:00 0 
7f7170044000-7f7174000000 ---p 00000000 00:00 0 
7f7175e00000-7f7175e01000 ---p 00000000 00:00 0 
7f7175e01000-7f7175e02000 rwxp 00000000 00:00 0 
7f7175e02000-7f71b5e02000 ---p 00000000 00:00 0 
7f71b6000000-7f71b6591000 r--p 00000000 08:12 27275843                   /nix/store/maaa5292j41lm6jbzwq6yvbpqxlli6hy-openjdk-17.0.7+7/lib/openjdk/lib/libjfxwebkit.so
7f71b6591000-7f71b9617000 r-xp 00591000 08:12 27275843                   /nix/store/maaa5292j41lm6jbzwq6yvbpqxlli6hy-openjdk-17.0.7+7/lib/openjdk/lib/libjfxwebkit.so
7f71b9617000-7f71bbbaf000 r--p 03617000 08:12 27275843                   /nix/store/maaa5292j41lm6jbzwq6yvbpqxlli6hy-openjdk-17.0.7+7/lib/openjdk/lib/libjfxwebkit.so
7f71bbbaf000-7f71bbde5000 r--p 05baf000 08:12 27275843                   /nix/store/maaa5292j41lm6jbzwq6yvbpqxlli6hy-openjdk-17.0.7+7/lib/openjdk/lib/libjfxwebkit.so
7f71bbde5000-7f71bbdfe000 rw-p 05de5000 08:12 27275843                   /nix/store/maaa5292j41lm6jbzwq6yvbpqxlli6hy-openjdk-17.0.7+7/lib/openjdk/lib/libjfxwebkit.so
7f71bbdfe000-7f71bbe24000 rw-p 00000000 00:00 0 
7f71bbe24000-7f71bbe28000 r--p 00000000 00:00 0 
7f71bbe28000-7f71bbe2f000 rw-p 00000000 00:00 0 
7f71bbe2f000-7f71bbe4f000 rw-p 05e27000 08:12 27275843                   /nix/store/maaa5292j41lm6jbzwq6yvbpqxlli6hy-openjdk-17.0.7+7/lib/openjdk/lib/libjfxwebkit.so
7f71bc000000-7f71bc07f000 rw-p 00000000 00:00 0 
7f71bc07f000-7f71c0000000 ---p 00000000 00:00 0 
7f71c0000000-7f71c11a8000 rw-p 00000000 00:00 0 
7f71c11a8000-7f71c4000000 ---p 00000000 00:00 0 
7f71c8000000-7f71c8394000 rw-p 00000000 00:00 0 
7f71c8394000-7f71cc000000 ---p 00000000 00:00 0 
7f71cc000000-7f71cc226000 rw-p 00000000 00:00 0 
7f71cc226000-7f71d0000000 ---p 00000000 00:00 0 
7f71d4000000-7f71d409b000 rw-p 00000000 00:00 0 
7f71d409b000-7f71d8000000 ---p 00000000 00:00 0 
7f71d8000000-7f71d9425000 rw-p 00000000 00:00 0 
7f71d9425000-7f71dc000000 ---p 00000000 00:00 0 
7f71e0000000-7f71e0021000 rw-p 00000000 00:00 0 
7f71e0021000-7f71e4000000 ---p 00000000 00:00 0 
7f71e4000000-7f71e45eb000 rw-p 00000000 00:00 0 
7f71e45eb000-7f71e8000000 ---p 00000000 00:00 0 
7f71ec000000-7f71ec5ab000 rw-p 00000000 00:00 0 
7f71ec5ab000-7f71f0000000 ---p 00000000 00:00 0 
7f71f0000000-7f71f0021000 rw-p 00000000 00:00 0 
7f71f0021000-7f71f4000000 ---p 00000000 00:00 0 
7f71f8000000-7f71f84bd000 rw-p 00000000 00:00 0 
7f71f84bd000-7f71fc000000 ---p 00000000 00:00 0 
7f71fc000000-7f71fc021000 rw-p 00000000 00:00 0 
7f71fc021000-7f7200000000 ---p 00000000 00:00 0 
7f7204000000-7f7204021000 rw-p 00000000 00:00 0 
7f7204021000-7f7208000000 ---p 00000000 00:00 0 
7f7208000000-7f7208021000 rw-p 00000000 00:00 0 
7f7208021000-7f720c000000 ---p 00000000 00:00 0 
7f7210000000-7f7210021000 rw-p 00000000 00:00 0 
7f7210021000-7f7214000000 ---p 00000000 00:00 0 
7f7214000000-7f7214021000 rw-p 00000000 00:00 0 
7f7214021000-7f7218000000 ---p 00000000 00:00 0 
7f721c000000-7f721c021000 rw-p 00000000 00:00 0 
7f721c021000-7f7220000000 ---p 00000000 00:00 0 
7f7220000000-7f7220021000 rw-p 00000000 00:00 0 
7f7220021000-7f7224000000 ---p 00000000 00:00 0 
7f7228000000-7f7228021000 rw-p 00000000 00:00 0 
7f7228021000-7f722c000000 ---p 00000000 00:00 0 
7f722c000000-7f722c021000 rw-p 00000000 00:00 0 
7f722c021000-7f7230000000 ---p 00000000 00:00 0 
7f7234000000-7f7234021000 rw-p 00000000 00:00 0 
7f7234021000-7f7238000000 ---p 00000000 00:00 0 
7f7238000000-7f7238021000 rw-p 00000000 00:00 0 
7f7238021000-7f723c000000 ---p 00000000 00:00 0 
7f7240000000-7f7240021000 rw-p 00000000 00:00 0 
7f7240021000-7f7244000000 ---p 00000000 00:00 0 
7f7244000000-7f7244021000 rw-p 00000000 00:00 0 
7f7244021000-7f7248000000 ---p 00000000 00:00 0 
7f724c000000-7f724c021000 rw-p 00000000 00:00 0 
7f724c021000-7f7250000000 ---p 00000000 00:00 0 
7f7250000000-7f7251f4c000 rw-p 00000000 00:00 0 
7f7251f4c000-7f7254000000 ---p 00000000 00:00 0 
7f7258000000-7f725815a000 rw-p 00000000 00:00 0 
7f725815a000-7f725c000000 ---p 00000000 00:00 0 
7f725c000000-7f725c870000 rw-p 00000000 00:00 0 
7f725c870000-7f7260000000 ---p 00000000 00:00 0 
7f7264000000-7f7264021000 rw-p 00000000 00:00 0 
7f7264021000-7f7268000000 ---p 00000000 00:00 0 
7f7268000000-7f7269cdf000 rw-p 00000000 00:00 0 
7f7269cdf000-7f726c000000 ---p 00000000 00:00 0 
7f7270000000-7f72700d1000 rw-p 00000000 00:00 0 
7f72700d1000-7f7274000000 ---p 00000000 00:00 0 
7f7274000000-7f7275537000 rw-p 00000000 00:00 0 
7f7275537000-7f7278000000 ---p 00000000 00:00 0 
7f727c000000-7f727c031000 rw-p 00000000 00:00 0 
7f727c031000-7f7280000000 ---p 00000000 00:00 0 
7f7280000000-7f7280021000 rw-p 00000000 00:00 0 
7f7280021000-7f7284000000 ---p 00000000 00:00 0 
7f7288000000-7f7288021000 rw-p 00000000 00:00 0 
7f7288021000-7f728c000000 ---p 00000000 00:00 0 
7f728f600000-7f7290127000 r--p 00000000 08:12 24924577                   /nix/store/zn1sxnyxhvzrryd0n0gy08ncslvl5z0c-llvm-17.0.6-lib/lib/libLLVM-17.so
7f7290127000-7f729482e000 r-xp 00b27000 08:12 24924577                   /nix/store/zn1sxnyxhvzrryd0n0gy08ncslvl5z0c-llvm-17.0.6-lib/lib/libLLVM-17.so
7f729482e000-7f7297ad4000 r--p 0522e000 08:12 24924577                   /nix/store/zn1sxnyxhvzrryd0n0gy08ncslvl5z0c-llvm-17.0.6-lib/lib/libLLVM-17.so
7f7297ad4000-7f7297efc000 r--p 084d4000 08:12 24924577                   /nix/store/zn1sxnyxhvzrryd0n0gy08ncslvl5z0c-llvm-17.0.6-lib/lib/libLLVM-17.so
7f7297efc000-7f7297f47000 rw-p 088fc000 08:12 24924577                   /nix/store/zn1sxnyxhvzrryd0n0gy08ncslvl5z0c-llvm-17.0.6-lib/lib/libLLVM-17.so
7f7297f47000-7f7297fe8000 rw-p 00000000 00:00 0 
7f7298000000-7f7298f49000 rw-p 00000000 00:00 0 
7f7298f49000-7f729c000000 ---p 00000000 00:00 0 
7f729c000000-7f729c0f6000 rw-p 00000000 00:00 0 
7f729c0f6000-7f72a0000000 ---p 00000000 00:00 0 
7f72a4000000-7f72a4021000 rw-p 00000000 00:00 0 
7f72a4021000-7f72a8000000 ---p 00000000 00:00 0 
7f72a8000000-7f72a8021000 rw-p 00000000 00:00 0 
7f72a8021000-7f72ac000000 ---p 00000000 00:00 0 
7f72b0000000-7f72b0021000 rw-p 00000000 00:00 0 
7f72b0021000-7f72b4000000 ---p 00000000 00:00 0 
7f72b4000000-7f72b40a1000 rw-p 00000000 00:00 0 
7f72b40a1000-7f72b8000000 ---p 00000000 00:00 0 
7f72bc000000-7f72bca0c000 rw-p 00000000 00:00 0 
7f72bca0c000-7f72c0000000 ---p 00000000 00:00 0 
7f72c0000000-7f72c2728000 rw-p 00000000 00:00 0 
7f72c2728000-7f72c4000000 ---p 00000000 00:00 0 
7f72c8000000-7f72c8021000 rw-p 00000000 00:00 0 
7f72c8021000-7f72cc000000 ---p 00000000 00:00 0 
7f72cc000000-7f72cc021000 rw-p 00000000 00:00 0 
7f72cc021000-7f72d0000000 ---p 00000000 00:00 0 
7f72d0200000-7f72d2200000 rw-s 00000000 00:01 524294                     /SYSV00000000 (deleted)
7f72d2c00000-7f72d2c01000 ---p 00000000 00:00 0 
7f72d2c01000-7f72d3401000 rw-p 00000000 00:00 0 
7f72d3600000-7f72d3601000 ---p 00000000 00:00 0 
7f72d3601000-7f72d3e01000 rw-p 00000000 00:00 0 
7f72d4000000-7f72d4021000 rw-p 00000000 00:00 0 
7f72d4021000-7f72d8000000 ---p 00000000 00:00 0 
7f72d8000000-7f72d8021000 rw-p 00000000 00:00 0 
7f72d8021000-7f72dc000000 ---p 00000000 00:00 0 
7f72dce00000-7f72dce01000 ---p 00000000 00:00 0 
7f72dce01000-7f72dd601000 rw-p 00000000 00:00 0 
7f72de200000-7f72de201000 ---p 00000000 00:00 0 
7f72de201000-7f72dea01000 rw-p 00000000 00:00 0 
7f72dec00000-7f72dec01000 ---p 00000000 00:00 0 
7f72dec01000-7f72df401000 rw-p 00000000 00:00 0 
7f72df600000-7f72dffa1000 r--p 00000000 08:12 23541877                   /nix/store/9bmqq0wj09bzksh8gg3mycfzvk87vmdy-noto-fonts-color-emoji-2.042/share/fonts/noto/NotoColorEmoji.ttf
7f72e0000000-7f72e0021000 rw-p 00000000 00:00 0 
7f72e0021000-7f72e4000000 ---p 00000000 00:00 0 
7f72e4000000-7f72e4023000 rw-p 00000000 00:00 0 
7f72e4023000-7f72e8000000 ---p 00000000 00:00 0 
7f72e871f000-7f72e8723000 ---p 00000000 00:00 0 
7f72e8723000-7f72e881f000 rw-p 00000000 00:00 0 
7f72e881f000-7f72e8a00000 r--p 00000000 08:12 7653524                    /nix/store/khslxvrcz8va5d667pykvpnci56krpn8-noto-fonts-24.3.1/share/fonts/noto/NotoSerifTibetan[wght].ttf
7f72e8a00000-7f72e8d27000 r--p 00000000 08:12 21051750                   /nix/store/1aq84nmghmd61gxmdcl4jzj3sym3pxdl-freefont-ttf-20120503/share/fonts/truetype/FreeSerif.ttf
7f72e8e00000-7f72e904d000 r--p 00000000 08:12 7653548                    /nix/store/khslxvrcz8va5d667pykvpnci56krpn8-noto-fonts-24.3.1/share/fonts/noto/NotoSerif[wdth,wght].ttf
7f72e9082000-7f72e9200000 r--p 00000000 08:12 21051707                   /nix/store/1aq84nmghmd61gxmdcl4jzj3sym3pxdl-freefont-ttf-20120503/share/fonts/truetype/FreeSans.ttf
7f72e9200000-7f72e9206000 rw-p 00000000 00:00 0 
7f72e9206000-7f72e92f6000 rw-p 00000000 00:00 0 
7f72e92f6000-7f72e9300000 rw-p 00000000 00:00 0 
7f72e933f000-7f72e9400000 r--p 00000000 08:12 7645096                    /nix/store/khslxvrcz8va5d667pykvpnci56krpn8-noto-fonts-24.3.1/share/fonts/noto/NotoSansTelugu[wdth,wght].ttf
7f72e9400000-7f72e9500000 rw-p 00000000 00:00 0 
7f72e9556000-7f72e9558000 r--p 00000000 08:12 27275820                   /nix/store/maaa5292j41lm6jbzwq6yvbpqxlli6hy-openjdk-17.0.7+7/lib/openjdk/lib/libdecora_sse.so
7f72e9558000-7f72e9565000 r-xp 00002000 08:12 27275820                   /nix/store/maaa5292j41lm6jbzwq6yvbpqxlli6hy-openjdk-17.0.7+7/lib/openjdk/lib/libdecora_sse.so
7f72e9565000-7f72e9566000 r--p 0000f000 08:12 27275820                   /nix/store/maaa5292j41lm6jbzwq6yvbpqxlli6hy-openjdk-17.0.7+7/lib/openjdk/lib/libdecora_sse.so
7f72e9566000-7f72e9567000 r--p 0000f000 08:12 27275820                   /nix/store/maaa5292j41lm6jbzwq6yvbpqxlli6hy-openjdk-17.0.7+7/lib/openjdk/lib/libdecora_sse.so
7f72e9567000-7f72e9568000 rw-p 00010000 08:12 27275820                   /nix/store/maaa5292j41lm6jbzwq6yvbpqxlli6hy-openjdk-17.0.7+7/lib/openjdk/lib/libdecora_sse.so
7f72e9568000-7f72e9569000 rw-p 00012000 08:12 27275820                   /nix/store/maaa5292j41lm6jbzwq6yvbpqxlli6hy-openjdk-17.0.7+7/lib/openjdk/lib/libdecora_sse.so
7f72e9569000-7f72e9578000 r--p 00000000 08:12 7639642                    /nix/store/khslxvrcz8va5d667pykvpnci56krpn8-noto-fonts-24.3.1/share/fonts/noto/NotoSansKawi[wght].ttf
7f72e9578000-7f72e9600000 r--p 00000000 08:12 7639636                    /nix/store/khslxvrcz8va5d667pykvpnci56krpn8-noto-fonts-24.3.1/share/fonts/noto/NotoSansKannada[wdth,wght].ttf
7f72e9600000-7f72e9605000 rw-p 00000000 00:00 0 
7f72e9605000-7f72e96e6000 rw-p 00000000 00:00 0 
7f72e96e6000-7f72e96eb000 rw-p 00000000 00:00 0 
7f72e96eb000-7f72e96f0000 rw-p 00000000 00:00 0 
7f72e96f0000-7f72e96fa000 rw-p 00000000 00:00 0 
7f72e96fa000-7f72e96ff000 rw-p 00000000 00:00 0 
7f72e96ff000-7f72e9700000 rw-p 00000000 00:00 0 
7f72e970e000-7f72e971c000 r--p 00000000 08:12 7639669                    /nix/store/khslxvrcz8va5d667pykvpnci56krpn8-noto-fonts-24.3.1/share/fonts/noto/NotoSansMedefaidrin[wght].ttf
7f72e971c000-7f72e973b000 r--p 00000000 08:12 7639621                    /nix/store/khslxvrcz8va5d667pykvpnci56krpn8-noto-fonts-24.3.1/share/fonts/noto/NotoSansGunjalaGondi[wght].ttf
7f72e973b000-7f72e9800000 r--p 00000000 08:12 7639105                    /nix/store/khslxvrcz8va5d667pykvpnci56krpn8-noto-fonts-24.3.1/share/fonts/noto/NotoSansDevanagari[wdth,wght].ttf
7f72e9800000-7f72e9803000 rw-p 00000000 00:00 0 
7f72e9803000-7f72e98ed000 rw-p 00000000 00:00 0 
7f72e98ed000-7f72e98f0000 rw-p 00000000 00:00 0 
7f72e98f0000-7f72e98f3000 rw-p 00000000 00:00 0 
7f72e98f3000-7f72e9900000 rw-p 00000000 00:00 0 
7f72e990c000-7f72e9a00000 r--p 00000000 08:12 7639299                    /nix/store/khslxvrcz8va5d667pykvpnci56krpn8-noto-fonts-24.3.1/share/fonts/noto/NotoSansEthiopic[wdth,wght].ttf
7f72e9a00000-7f72e9a04000 rw-p 00000000 00:00 0 
7f72e9a04000-7f72e9af8000 rw-p 00000000 00:00 0 
7f72e9af8000-7f72e9b00000 rw-p 00000000 00:00 0 
7f72e9b08000-7f72e9b31000 r--p 00000000 08:12 7639091                    /nix/store/khslxvrcz8va5d667pykvpnci56krpn8-noto-fonts-24.3.1/share/fonts/noto/NotoSansCherokee[wght].ttf
7f72e9b31000-7f72e9b5f000 r--p 00000000 08:12 7639410                    /nix/store/khslxvrcz8va5d667pykvpnci56krpn8-noto-fonts-24.3.1/share/fonts/noto/NotoSansGeorgian[wdth,wght].ttf
7f72e9b5f000-7f72e9c00000 r--p 00000000 08:12 7640204                    /nix/store/khslxvrcz8va5d667pykvpnci56krpn8-noto-fonts-24.3.1/share/fonts/noto/NotoSansMyanmar[wdth,wght].ttf
7f72e9c00000-7f72e9c04000 rw-p 00000000 00:00 0 
7f72e9c04000-7f72e9cf4000 rw-p 00000000 00:00 0 
7f72e9cf4000-7f72e9d00000 rw-p 00000000 00:00 0 
7f72e9d05000-7f72e9d2c000 r--p 00000000 08:12 7638882                    /nix/store/khslxvrcz8va5d667pykvpnci56krpn8-noto-fonts-24.3.1/share/fonts/noto/NotoSansBamum[wght].ttf
7f72e9d2c000-7f72e9d65000 r--p 00000000 08:12 7653801                    /nix/store/khslxvrcz8va5d667pykvpnci56krpn8-noto-fonts-24.3.1/share/fonts/noto/NotoTraditionalNushu[wght].ttf
7f72e9d65000-7f72e9e00000 r--p 00000000 08:12 7638805                    /nix/store/khslxvrcz8va5d667pykvpnci56krpn8-noto-fonts-24.3.1/share/fonts/noto/NotoNastaliqUrdu[wght].ttf
7f72e9e00000-7f72e9e1a000 rw-p 00000000 00:00 0 
7f72e9e1a000-7f72e9f00000 rw-p 00000000 00:00 0 
7f72e9f02000-7f72e9f23000 r--p 00000000 08:12 7644993                    /nix/store/khslxvrcz8va5d667pykvpnci56krpn8-noto-fonts-24.3.1/share/fonts/noto/NotoSansTaiTham[wght].ttf
7f72e9f23000-7f72e9f71000 r--p 00000000 08:12 7644565                    /nix/store/khslxvrcz8va5d667pykvpnci56krpn8-noto-fonts-24.3.1/share/fonts/noto/NotoSansSymbols[wght].ttf
7f72e9f71000-7f72ea000000 r--p 00000000 08:12 21051663                   /nix/store/1aq84nmghmd61gxmdcl4jzj3sym3pxdl-freefont-ttf-20120503/share/fonts/truetype/FreeMono.ttf
7f72ea000000-7f72ea003000 rw-p 00000000 00:00 0 
7f72ea003000-7f72ea026000 rw-p 00000000 00:00 0 
7f72ea026000-7f72ea027000 rw-p 00000000 00:00 0 
7f72ea027000-7f72ea029000 rw-p 00000000 00:00 0 
7f72ea029000-7f72ea02c000 rw-p 00000000 00:00 0 
7f72ea02c000-7f72ea02d000 rw-p 00000000 00:00 0 
7f72ea02d000-7f72ea02f000 rw-p 00000000 00:00 0 
7f72ea02f000-7f72ea032000 rw-p 00000000 00:00 0 
7f72ea032000-7f72ea033000 rw-p 00000000 00:00 0 
7f72ea033000-7f72ea034000 rw-p 00000000 00:00 0 
7f72ea034000-7f72ea036000 rw-p 00000000 00:00 0 
7f72ea036000-7f72ea037000 rw-p 00000000 00:00 0 
7f72ea037000-7f72ea039000 rw-p 00000000 00:00 0 
7f72ea039000-7f72ea03d000 rw-p 00000000 00:00 0 
7f72ea03d000-7f72ea03e000 rw-p 00000000 00:00 0 
7f72ea03e000-7f72ea03f000 rw-p 00000000 00:00 0 
7f72ea03f000-7f72ea041000 rw-p 00000000 00:00 0 
7f72ea041000-7f72ea042000 rw-p 00000000 00:00 0 
7f72ea042000-7f72ea043000 rw-p 00000000 00:00 0 
7f72ea043000-7f72ea045000 rw-p 00000000 00:00 0 
7f72ea045000-7f72ea046000 rw-p 00000000 00:00 0 
7f72ea046000-7f72ea048000 rw-p 00000000 00:00 0 
7f72ea048000-7f72ea049000 rw-p 00000000 00:00 0 
7f72ea049000-7f72ea04b000 rw-p 00000000 00:00 0 
7f72ea04b000-7f72ea04c000 rw-p 00000000 00:00 0 
7f72ea04c000-7f72ea051000 rw-p 00000000 00:00 0 
7f72ea051000-7f72ea052000 rw-p 00000000 00:00 0 
7f72ea052000-7f72ea054000 rw-p 00000000 00:00 0 
7f72ea054000-7f72ea057000 rw-p 00000000 00:00 0 
7f72ea057000-7f72ea058000 rw-p 00000000 00:00 0 
7f72ea058000-7f72ea065000 rw-p 00000000 00:00 0 
7f72ea065000-7f72ea066000 rw-p 00000000 00:00 0 
7f72ea066000-7f72ea100000 rw-p 00000000 00:00 0 
7f72ea108000-7f72ea116000 r--p 00000000 08:12 7653546                    /nix/store/khslxvrcz8va5d667pykvpnci56krpn8-noto-fonts-24.3.1/share/fonts/noto/NotoSerifVithkuqi[wght].ttf
7f72ea116000-7f72ea156000 r--p 00000000 08:12 7639647                    /nix/store/khslxvrcz8va5d667pykvpnci56krpn8-noto-fonts-24.3.1/share/fonts/noto/NotoSansKhmer[wdth,wght].ttf
7f72ea156000-7f72ea1ab000 r--p 00000000 08:12 29302651                   /nix/store/h73am0yx6n4bzyycwiifcmm9vf4dv43b-dejavu-fonts-2.37/share/fonts/truetype/DejaVuSerif-BoldItalic.ttf
7f72ea1ab000-7f72ea200000 r--p 00000000 08:12 29302652                   /nix/store/h73am0yx6n4bzyycwiifcmm9vf4dv43b-dejavu-fonts-2.37/share/fonts/truetype/DejaVuSerif-Italic.ttf
7f72ea200000-7f72ea201000 ---p 00000000 00:00 0 
7f72ea201000-7f72eaa01000 rw-p 00000000 00:00 0 
7f72eaa03000-7f72eaa0e000 rw-p 00000000 00:00 0 
7f72eaa0e000-7f72eaa3a000 r--p 00000000 08:12 7652848                    /nix/store/khslxvrcz8va5d667pykvpnci56krpn8-noto-fonts-24.3.1/share/fonts/noto/NotoSerifKhojki[wght].ttf
7f72eab3a000-7f72eab3e000 ---p 00000000 00:00 0 
7f72eab3e000-7f72eac3a000 rw-p 00000000 00:00 0 
7f72eaf3a000-7f72eaf3e000 ---p 00000000 00:00 0 
7f72eaf3e000-7f72eb03a000 rw-p 00000000 00:00 0 
7f72eb23a000-7f72eb23e000 ---p 00000000 00:00 0 
7f72eb23e000-7f72eb33a000 rw-p 00000000 00:00 0 
7f72eb43a000-7f72eb600000 r--p 00000000 08:12 7646804                    /nix/store/khslxvrcz8va5d667pykvpnci56krpn8-noto-fonts-24.3.1/share/fonts/noto/NotoSans[wdth,wght].ttf
7f72eb600000-7f72eb601000 ---p 00000000 00:00 0 
7f72eb601000-7f72ebe01000 rw-p 00000000 00:00 0 
7f72ebe03000-7f72ebe0e000 r--p 00000000 08:12 7652853                    /nix/store/khslxvrcz8va5d667pykvpnci56krpn8-noto-fonts-24.3.1/share/fonts/noto/NotoSerifNPHmong[wght].ttf
7f72ebe0e000-7f72ebe18000 r--p 00000000 08:12 7645076                    /nix/store/khslxvrcz8va5d667pykvpnci56krpn8-noto-fonts-24.3.1/share/fonts/noto/NotoSansTangsa[wght].ttf
7f72ebe18000-7f72ebe4b000 r--p 00000000 08:12 7639634                    /nix/store/khslxvrcz8va5d667pykvpnci56krpn8-noto-fonts-24.3.1/share/fonts/noto/NotoSansJavanese[wght].ttf
7f72ebe4b000-7f72ebea3000 r--p 00000000 08:12 29302650                   /nix/store/h73am0yx6n4bzyycwiifcmm9vf4dv43b-dejavu-fonts-2.37/share/fonts/truetype/DejaVuSerif-Bold.ttf
7f72ebea3000-7f72ebf00000 r--p 00000000 08:12 29302653                   /nix/store/h73am0yx6n4bzyycwiifcmm9vf4dv43b-dejavu-fonts-2.37/share/fonts/truetype/DejaVuSerif.ttf
7f72ebf00000-7f72ebf04000 ---p 00000000 00:00 0 
7f72ebf04000-7f72ec000000 rw-p 00000000 00:00 0 
7f72ec000000-7f72ec3f0000 rw-p 00000000 00:00 0 
7f72ec3f0000-7f72ecbf0000 rw-p 00000000 00:00 0 
7f72ecbf0000-7f72ecc70000 rw-p 00000000 00:00 0 
7f72ecc70000-7f72eccf0000 rw-p 00000000 00:00 0 
7f72eccf0000-7f72ecef0000 rw-p 00000000 00:00 0 
7f72ecef0000-7f72ecff0000 rw-p 00000000 00:00 0 
7f72ecff0000-7f72ed0f0000 rw-p 00000000 00:00 0 
7f72ed0f0000-7f72ed1f0000 rw-p 00000000 00:00 0 
7f72ed1f0000-7f72ed2f0000 rw-p 00000000 00:00 0 
7f72ed2f0000-7f72ed3f0000 rw-p 00000000 00:00 0 
7f72ed3f0000-7f72ed6f0000 rw-p 00000000 00:00 0 
7f72ed6f0000-7f72ed7f0000 rw-p 00000000 00:00 0 
7f72ed7f0000-7f72edb70000 rw-p 00000000 00:00 0 
7f72edb70000-7f72edbf0000 rw-p 00000000 00:00 0 
7f72edbf0000-7f72edcf0000 rw-p 00000000 00:00 0 
7f72edcf0000-7f72eddf0000 rw-p 00000000 00:00 0 
7f72eddf0000-7f72eded0000 rw-p 00000000 00:00 0 
7f72eded0000-7f72edef0000 rw-p 00000000 00:00 0 
7f72edef0000-7f72ee0f0000 rw-p 00000000 00:00 0 
7f72ee0f0000-7f72ee770000 rw-p 00000000 00:00 0 
7f72ee770000-7f72ee7f0000 rw-p 00000000 00:00 0 
7f72ee7f0000-7f72eeaf0000 rw-p 00000000 00:00 0 
7f72eeaf0000-7f72eeb70000 rw-p 00000000 00:00 0 
7f72eeb70000-7f72eec00000 ---p 00000000 00:00 0 
7f72eec00000-7f72eee40000 rw-p 00000000 00:00 0 
7f72eee40000-7f72f0000000 ---p 00000000 00:00 0 
7f72f0000000-7f72f0021000 rw-p 00000000 00:00 0 
7f72f0021000-7f72f4000000 ---p 00000000 00:00 0 
7f72f4000000-7f72f4021000 rw-p 00000000 00:00 0 
7f72f4021000-7f72f8000000 ---p 00000000 00:00 0 
7f72f8007000-7f72f8011000 r--p 00000000 08:12 7639670                    /nix/store/khslxvrcz8va5d667pykvpnci56krpn8-noto-fonts-24.3.1/share/fonts/noto/NotoSansMeeteiMayek[wght].ttf
7f72f8011000-7f72f8027000 r--p 00000000 08:12 7639090                    /nix/store/khslxvrcz8va5d667pykvpnci56krpn8-noto-fonts-24.3.1/share/fonts/noto/NotoSansCham[wght].ttf
7f72f8027000-7f72f8030000 r--p 00000000 08:12 7640445                    /nix/store/khslxvrcz8va5d667pykvpnci56krpn8-noto-fonts-24.3.1/share/fonts/noto/NotoSansNewTaiLue[wght].ttf
7f72f8030000-7f72f80ea000 r--p 00000000 08:12 23532040                   /nix/store/xaqkl995qhiy7ky5vpppz7pi7b6g7kji-dejavu-fonts-minimal-2.37/share/fonts/truetype/DejaVuSans.ttf
7f72f80ea000-7f72f80eb000 ---p 00000000 00:00 0 
7f72f80eb000-7f72f81ec000 rw-p 00000000 00:00 0 
7f72f81ec000-7f72f81ed000 ---p 00000000 00:00 0 
7f72f81ed000-7f72f82ee000 rw-p 00000000 00:00 0 
7f72f82ee000-7f72f82ef000 ---p 00000000 00:00 0 
7f72f82ef000-7f72f83f0000 rw-p 00000000 00:00 0 
7f72f83f0000-7f72f83f1000 ---p 00000000 00:00 0 
7f72f83f1000-7f72f84f2000 rw-p 00000000 00:00 0 
7f72f84f2000-7f72f84f3000 ---p 00000000 00:00 0 
7f72f84f3000-7f72f85f4000 rw-p 00000000 00:00 0 
7f72f85f4000-7f72f85f5000 ---p 00000000 00:00 0 
7f72f85f5000-7f72f86f6000 rw-p 00000000 00:00 0 
7f72f86f6000-7f72f86f7000 ---p 00000000 00:00 0 
7f72f86f7000-7f72f87f8000 rw-p 00000000 00:00 0 
7f72f87f8000-7f72f87f9000 ---p 00000000 00:00 0 
7f72f87f9000-7f72f88fa000 rw-p 00000000 00:00 0 
7f72f88fa000-7f72f88fb000 ---p 00000000 00:00 0 
7f72f88fb000-7f72f89fc000 rw-p 00000000 00:00 0 
7f72f89fc000-7f72f89fd000 ---p 00000000 00:00 0 
7f72f89fd000-7f72f8afe000 rw-p 00000000 00:00 0 
7f72f8afe000-7f72f8aff000 ---p 00000000 00:00 0 
7f72f8aff000-7f72f8c00000 rw-p 00000000 00:00 0 
7f72f8d83000-7f72f8d87000 ---p 00000000 00:00 0 
7f72f8d87000-7f72f8e83000 rw-p 00000000 00:00 0 
7f72f8f83000-7f72f8f87000 ---p 00000000 00:00 0 
7f72f8f87000-7f72f9083000 rw-p 00000000 00:00 0 
7f72f9083000-7f72f9087000 ---p 00000000 00:00 0 
7f72f9087000-7f72f9183000 rw-p 00000000 00:00 0 
7f72f9183000-7f72f9187000 ---p 00000000 00:00 0 
7f72f9187000-7f72f9283000 rw-p 00000000 00:00 0 
7f72f9283000-7f72f9287000 ---p 00000000 00:00 0 
7f72f9287000-7f72f9383000 rw-p 00000000 00:00 0 
7f72f93a5000-7f72f9400000 r--p 00000000 08:12 5374848                    /home/cooperfrolich/.compose-cache/l4_030_3f86b31c_00280cc0 (deleted)
7f72f9400000-7f72f9401000 ---p 00000000 00:00 0 
7f72f9401000-7f72f9c01000 rw-p 00000000 00:00 0 
7f72f9c02000-7f72f9c07000 r--p 00000000 08:12 7644501                    /nix/store/khslxvrcz8va5d667pykvpnci56krpn8-noto-fonts-24.3.1/share/fonts/noto/NotoSansSundanese[wght].ttf
7f72f9c07000-7f72f9c2e000 r--p 00000000 08:12 7639132                    /nix/store/khslxvrcz8va5d667pykvpnci56krpn8-noto-fonts-24.3.1/share/fonts/noto/NotoSansBalinese[wght].ttf
7f72f9c2e000-7f72f9c38000 r--p 00000000 08:12 7638942                    /nix/store/khslxvrcz8va5d667pykvpnci56krpn8-noto-fonts-24.3.1/share/fonts/noto/NotoSansAdlamUnjoined[wght].ttf
7f72f9c38000-7f72f9c3c000 rw-p 00000000 00:00 0 
7f72f9c3e000-7f72f9c55000 rw-p 00000000 00:00 0 
7f72f9c55000-7f72f9c58000 r--p 00000000 08:12 27277870                   /nix/store/maaa5292j41lm6jbzwq6yvbpqxlli6hy-openjdk-17.0.7+7/lib/openjdk/lib/libmanagement_ext.so
7f72f9c58000-7f72f9c5b000 r-xp 00003000 08:12 27277870                   /nix/store/maaa5292j41lm6jbzwq6yvbpqxlli6hy-openjdk-17.0.7+7/lib/openjdk/lib/libmanagement_ext.so
7f72f9c5b000-7f72f9c5c000 r--p 00006000 08:12 27277870                   /nix/store/maaa5292j41lm6jbzwq6yvbpqxlli6hy-openjdk-17.0.7+7/lib/openjdk/lib/libmanagement_ext.so
7f72f9c5c000-7f72f9c5d000 r--p 00007000 08:12 27277870                   /nix/store/maaa5292j41lm6jbzwq6yvbpqxlli6hy-openjdk-17.0.7+7/lib/openjdk/lib/libmanagement_ext.so
7f72f9c5d000-7f72f9c5e000 rw-p 00008000 08:12 27277870                   /nix/store/maaa5292j41lm6jbzwq6yvbpqxlli6hy-openjdk-17.0.7+7/lib/openjdk/lib/libmanagement_ext.so
7f72f9c5e000-7f72f9c60000 rw-p 0000b000 08:12 27277870                   /nix/store/maaa5292j41lm6jbzwq6yvbpqxlli6hy-openjdk-17.0.7+7/lib/openjdk/lib/libmanagement_ext.so
7f72f9c82000-7f72f9ca7000 r--p 00000000 08:12 22026684                   /tmp/+JXF18023525266927654860.tmp
7f72f9ca7000-7f72f9cc4000 r--p 00000000 08:12 22026680                   /tmp/+JXF12674643223436904798.tmp
7f72f9cc4000-7f72f9ce1000 r--p 00000000 08:12 22026636                   /tmp/+JXF17214687611622403218.tmp
7f72f9ce1000-7f72f9cfe000 r--p 00000000 08:12 22026633                   /tmp/+JXF12431957411021365295.tmp
7f72f9cfe000-7f72f9cff000 ---p 00000000 00:00 0 
7f72f9cff000-7f72f9e00000 rw-p 00000000 00:00 0 
7f72f9e00000-7f72f9e98000 r--p 00000000 08:12 27263642                   /nix/store/qdfdv7axm2zxj19k43g9j68qgcphdraz-mesa-24.0.6-drivers/lib/dri/crocus_dri.so
7f72f9e98000-7f72fb215000 r-xp 00098000 08:12 27263642                   /nix/store/qdfdv7axm2zxj19k43g9j68qgcphdraz-mesa-24.0.6-drivers/lib/dri/crocus_dri.so
7f72fb215000-7f72fbd51000 r--p 01415000 08:12 27263642                   /nix/store/qdfdv7axm2zxj19k43g9j68qgcphdraz-mesa-24.0.6-drivers/lib/dri/crocus_dri.so
7f72fbd51000-7f72fbdea000 r--p 01f51000 08:12 27263642                   /nix/store/qdfdv7axm2zxj19k43g9j68qgcphdraz-mesa-24.0.6-drivers/lib/dri/crocus_dri.so
7f72fbdea000-7f72fbe24000 rw-p 01fea000 08:12 27263642                   /nix/store/qdfdv7axm2zxj19k43g9j68qgcphdraz-mesa-24.0.6-drivers/lib/dri/crocus_dri.so
7f72fbe24000-7f72fbfea000 rw-p 00000000 00:00 0 
7f72fbfea000-7f72fbff7000 rw-p 022ee000 08:12 27263642                   /nix/store/qdfdv7axm2zxj19k43g9j68qgcphdraz-mesa-24.0.6-drivers/lib/dri/crocus_dri.so
7f72fbff7000-7f72fbffa000 r--p 00000000 08:12 27277868                   /nix/store/maaa5292j41lm6jbzwq6yvbpqxlli6hy-openjdk-17.0.7+7/lib/openjdk/lib/libmanagement.so
7f72fbffa000-7f72fbffb000 r-xp 00003000 08:12 27277868                   /nix/store/maaa5292j41lm6jbzwq6yvbpqxlli6hy-openjdk-17.0.7+7/lib/openjdk/lib/libmanagement.so
7f72fbffb000-7f72fbffc000 r--p 00004000 08:12 27277868                   /nix/store/maaa5292j41lm6jbzwq6yvbpqxlli6hy-openjdk-17.0.7+7/lib/openjdk/lib/libmanagement.so
7f72fbffc000-7f72fbffd000 r--p 00004000 08:12 27277868                   /nix/store/maaa5292j41lm6jbzwq6yvbpqxlli6hy-openjdk-17.0.7+7/lib/openjdk/lib/libmanagement.so
7f72fbffd000-7f72fbffe000 rw-p 00005000 08:12 27277868                   /nix/store/maaa5292j41lm6jbzwq6yvbpqxlli6hy-openjdk-17.0.7+7/lib/openjdk/lib/libmanagement.so
7f72fbffe000-7f72fc000000 rw-p 00008000 08:12 27277868                   /nix/store/maaa5292j41lm6jbzwq6yvbpqxlli6hy-openjdk-17.0.7+7/lib/openjdk/lib/libmanagement.so
7f72fc000000-7f72fc021000 rw-p 00000000 00:00 0 
7f72fc021000-7f7300000000 ---p 00000000 00:00 0 
7f7300000000-7f7300021000 rw-p 00000000 00:00 0 
7f7300021000-7f7304000000 ---p 00000000 00:00 0 
7f7304000000-7f730401e000 r--p 00000000 08:12 22026632                   /tmp/+JXF8285985694871959406.tmp
7f730401e000-7f7304043000 r--p 00000000 08:12 22026628                   /tmp/+JXF9440435622018432764.tmp
7f7304043000-7f7304061000 r--p 00000000 08:12 22026620                   /tmp/+JXF8425738696690005701.tmp
7f7304061000-7f7304064000 r--p 00000000 08:12 27275837                   /nix/store/maaa5292j41lm6jbzwq6yvbpqxlli6hy-openjdk-17.0.7+7/lib/openjdk/lib/libjavafx_font_pango.so
7f7304064000-7f7304065000 r-xp 00003000 08:12 27275837                   /nix/store/maaa5292j41lm6jbzwq6yvbpqxlli6hy-openjdk-17.0.7+7/lib/openjdk/lib/libjavafx_font_pango.so
7f7304065000-7f7304066000 r--p 00004000 08:12 27275837                   /nix/store/maaa5292j41lm6jbzwq6yvbpqxlli6hy-openjdk-17.0.7+7/lib/openjdk/lib/libjavafx_font_pango.so
7f7304066000-7f7304067000 r--p 00004000 08:12 27275837                   /nix/store/maaa5292j41lm6jbzwq6yvbpqxlli6hy-openjdk-17.0.7+7/lib/openjdk/lib/libjavafx_font_pango.so
7f7304067000-7f7304068000 rw-p 00005000 08:12 27275837                   /nix/store/maaa5292j41lm6jbzwq6yvbpqxlli6hy-openjdk-17.0.7+7/lib/openjdk/lib/libjavafx_font_pango.so
7f7304068000-7f730406a000 rw-p 00007000 08:12 27275837                   /nix/store/maaa5292j41lm6jbzwq6yvbpqxlli6hy-openjdk-17.0.7+7/lib/openjdk/lib/libjavafx_font_pango.so
7f730406a000-7f7304086000 r--p 00000000 08:12 22026615                   /tmp/+JXF8635857286528108059.tmp
7f7304086000-7f730408a000 ---p 00000000 00:00 0 
7f730408a000-7f7304186000 rw-p 00000000 00:00 0 
7f7304286000-7f730428a000 ---p 00000000 00:00 0 
7f730428a000-7f7304386000 rw-p 00000000 00:00 0 
7f7304386000-7f7304500000 r--s 00000000 08:12 25041766                   /nix/store/ikyph5zm71wbigg5bb0n5ixhy13v3xxc-fc-cache/c8ab0f104f2d5f1cf5947b7f2e7a0282-x86_64.cache-9
7f73045de000-7f73045e2000 ---p 00000000 00:00 0 
7f73045e2000-7f7304600000 rw-p 00000000 00:00 0 
7f7304600000-7f7304604000 ---p 00000000 00:00 0 
7f7304604000-7f7304700000 rw-p 00000000 00:00 0 
7f7304700000-7f7304704000 ---p 00000000 00:00 0 
7f7304704000-7f7304800000 rw-p 00000000 00:00 0 
7f7304800000-7f7304801000 ---p 00000000 00:00 0 
7f7304801000-7f7305001000 rw-p 00000000 00:00 0 
7f7305001000-7f7305003000 rw-p 00000000 00:00 0 
7f7305003000-7f7305008000 r--p 00000000 08:12 27277883                   /nix/store/maaa5292j41lm6jbzwq6yvbpqxlli6hy-openjdk-17.0.7+7/lib/openjdk/lib/libverify.so
7f7305008000-7f730500f000 r-xp 00005000 08:12 27277883                   /nix/store/maaa5292j41lm6jbzwq6yvbpqxlli6hy-openjdk-17.0.7+7/lib/openjdk/lib/libverify.so
7f730500f000-7f7305011000 r--p 0000c000 08:12 27277883                   /nix/store/maaa5292j41lm6jbzwq6yvbpqxlli6hy-openjdk-17.0.7+7/lib/openjdk/lib/libverify.so
7f7305011000-7f7305013000 r--p 0000d000 08:12 27277883                   /nix/store/maaa5292j41lm6jbzwq6yvbpqxlli6hy-openjdk-17.0.7+7/lib/openjdk/lib/libverify.so
7f7305013000-7f7305014000 rw-p 0000f000 08:12 27277883                   /nix/store/maaa5292j41lm6jbzwq6yvbpqxlli6hy-openjdk-17.0.7+7/lib/openjdk/lib/libverify.so
7f7305014000-7f7305015000 rw-p 00011000 08:12 27277883                   /nix/store/maaa5292j41lm6jbzwq6yvbpqxlli6hy-openjdk-17.0.7+7/lib/openjdk/lib/libverify.so
7f7305015000-7f7305017000 r--p 00000000 08:12 27275822                   /nix/store/maaa5292j41lm6jbzwq6yvbpqxlli6hy-openjdk-17.0.7+7/lib/openjdk/lib/libextnet.so
7f7305017000-7f7305018000 r-xp 00002000 08:12 27275822                   /nix/store/maaa5292j41lm6jbzwq6yvbpqxlli6hy-openjdk-17.0.7+7/lib/openjdk/lib/libextnet.so
7f7305018000-7f7305019000 r--p 00003000 08:12 27275822                   /nix/store/maaa5292j41lm6jbzwq6yvbpqxlli6hy-openjdk-17.0.7+7/lib/openjdk/lib/libextnet.so
7f7305019000-7f730501a000 r--p 00003000 08:12 27275822                   /nix/store/maaa5292j41lm6jbzwq6yvbpqxlli6hy-openjdk-17.0.7+7/lib/openjdk/lib/libextnet.so
7f730501a000-7f730501b000 rw-p 00004000 08:12 27275822                   /nix/store/maaa5292j41lm6jbzwq6yvbpqxlli6hy-openjdk-17.0.7+7/lib/openjdk/lib/libextnet.so
7f730501b000-7f730501c000 rw-p 00006000 08:12 27275822                   /nix/store/maaa5292j41lm6jbzwq6yvbpqxlli6hy-openjdk-17.0.7+7/lib/openjdk/lib/libextnet.so
7f730501c000-7f730501d000 r--p 00000000 08:12 20843280                   /nix/store/xgr3sha4wwxqfq1224gp7981z663k9s3-kde-gtk-config-5.27.11/lib/gtk-3.0/modules/libwindow-decorations-gtk-module.so
7f730501d000-7f730501e000 r-xp 00001000 08:12 20843280                   /nix/store/xgr3sha4wwxqfq1224gp7981z663k9s3-kde-gtk-config-5.27.11/lib/gtk-3.0/modules/libwindow-decorations-gtk-module.so
7f730501e000-7f730501f000 r--p 00002000 08:12 20843280                   /nix/store/xgr3sha4wwxqfq1224gp7981z663k9s3-kde-gtk-config-5.27.11/lib/gtk-3.0/modules/libwindow-decorations-gtk-module.so
7f730501f000-7f7305020000 r--p 00002000 08:12 20843280                   /nix/store/xgr3sha4wwxqfq1224gp7981z663k9s3-kde-gtk-config-5.27.11/lib/gtk-3.0/modules/libwindow-decorations-gtk-module.so
7f7305020000-7f7305021000 rw-p 00003000 08:12 20843280                   /nix/store/xgr3sha4wwxqfq1224gp7981z663k9s3-kde-gtk-config-5.27.11/lib/gtk-3.0/modules/libwindow-decorations-gtk-module.so
7f7305021000-7f7305022000 r--p 00000000 08:12 20843272                   /nix/store/xgr3sha4wwxqfq1224gp7981z663k9s3-kde-gtk-config-5.27.11/lib/gtk-3.0/modules/libcolorreload-gtk-module.so
7f7305022000-7f7305023000 r-xp 00001000 08:12 20843272                   /nix/store/xgr3sha4wwxqfq1224gp7981z663k9s3-kde-gtk-config-5.27.11/lib/gtk-3.0/modules/libcolorreload-gtk-module.so
7f7305023000-7f7305024000 r--p 00002000 08:12 20843272                   /nix/store/xgr3sha4wwxqfq1224gp7981z663k9s3-kde-gtk-config-5.27.11/lib/gtk-3.0/modules/libcolorreload-gtk-module.so
7f7305024000-7f7305025000 r--p 00002000 08:12 20843272                   /nix/store/xgr3sha4wwxqfq1224gp7981z663k9s3-kde-gtk-config-5.27.11/lib/gtk-3.0/modules/libcolorreload-gtk-module.so
7f7305025000-7f7305026000 rw-p 00003000 08:12 20843272                   /nix/store/xgr3sha4wwxqfq1224gp7981z663k9s3-kde-gtk-config-5.27.11/lib/gtk-3.0/modules/libcolorreload-gtk-module.so
7f7305026000-7f7305040000 r--s 00000000 08:12 25041671                   /nix/store/ikyph5zm71wbigg5bb0n5ixhy13v3xxc-fc-cache/56b4714e45ed6a369dbeb54874a522c1-x86_64.cache-9
7f7305040000-7f7305042000 r--s 00000000 08:12 25041623                   /nix/store/ikyph5zm71wbigg5bb0n5ixhy13v3xxc-fc-cache/1c65ce013ea67500a899097906a7558b-x86_64.cache-9
7f7305042000-7f7305048000 r--s 00000000 08:12 25041662                   /nix/store/ikyph5zm71wbigg5bb0n5ixhy13v3xxc-fc-cache/3040aa8668f572c812a24142570020a8-x86_64.cache-9
7f7305048000-7f7305058000 r--s 00000000 08:12 25042578                   /nix/store/ikyph5zm71wbigg5bb0n5ixhy13v3xxc-fc-cache/d39a996c0780901c84b89c13a111dcfa-x86_64.cache-9
7f7305058000-7f730506c000 r--s 00000000 08:12 25041622                   /nix/store/ikyph5zm71wbigg5bb0n5ixhy13v3xxc-fc-cache/1b1103ac60aa43f422dd7fe1c06d7b82-x86_64.cache-9
7f730506c000-7f7305079000 r--s 00000000 08:12 25041739                   /nix/store/ikyph5zm71wbigg5bb0n5ixhy13v3xxc-fc-cache/78de91597ea7bd2f44d4078893f80526-x86_64.cache-9
7f7305079000-7f730507b000 r--p 00000000 08:12 27275836                   /nix/store/maaa5292j41lm6jbzwq6yvbpqxlli6hy-openjdk-17.0.7+7/lib/openjdk/lib/libjavafx_font_freetype.so
7f730507b000-7f730507d000 r-xp 00002000 08:12 27275836                   /nix/store/maaa5292j41lm6jbzwq6yvbpqxlli6hy-openjdk-17.0.7+7/lib/openjdk/lib/libjavafx_font_freetype.so
7f730507d000-7f730507f000 r--p 00004000 08:12 27275836                   /nix/store/maaa5292j41lm6jbzwq6yvbpqxlli6hy-openjdk-17.0.7+7/lib/openjdk/lib/libjavafx_font_freetype.so
7f730507f000-7f7305080000 r--p 00005000 08:12 27275836                   /nix/store/maaa5292j41lm6jbzwq6yvbpqxlli6hy-openjdk-17.0.7+7/lib/openjdk/lib/libjavafx_font_freetype.so
7f7305080000-7f7305081000 rw-p 00006000 08:12 27275836                   /nix/store/maaa5292j41lm6jbzwq6yvbpqxlli6hy-openjdk-17.0.7+7/lib/openjdk/lib/libjavafx_font_freetype.so
7f7305081000-7f7305082000 rw-p 00008000 08:12 27275836                   /nix/store/maaa5292j41lm6jbzwq6yvbpqxlli6hy-openjdk-17.0.7+7/lib/openjdk/lib/libjavafx_font_freetype.so
7f7305082000-7f7305086000 ---p 00000000 00:00 0 
7f7305086000-7f7305182000 rw-p 00000000 00:00 0 
7f7305182000-7f73051a8000 r--p 00000000 08:12 27275827                   /nix/store/maaa5292j41lm6jbzwq6yvbpqxlli6hy-openjdk-17.0.7+7/lib/openjdk/lib/libglassgtk3.so
7f73051a8000-7f73051d9000 r-xp 00026000 08:12 27275827                   /nix/store/maaa5292j41lm6jbzwq6yvbpqxlli6hy-openjdk-17.0.7+7/lib/openjdk/lib/libglassgtk3.so
7f73051d9000-7f73051e9000 r--p 00057000 08:12 27275827                   /nix/store/maaa5292j41lm6jbzwq6yvbpqxlli6hy-openjdk-17.0.7+7/lib/openjdk/lib/libglassgtk3.so
7f73051e9000-7f73051ed000 r--p 00067000 08:12 27275827                   /nix/store/maaa5292j41lm6jbzwq6yvbpqxlli6hy-openjdk-17.0.7+7/lib/openjdk/lib/libglassgtk3.so
7f73051ed000-7f73051ee000 rw-p 0006b000 08:12 27275827                   /nix/store/maaa5292j41lm6jbzwq6yvbpqxlli6hy-openjdk-17.0.7+7/lib/openjdk/lib/libglassgtk3.so
7f73051ee000-7f7305200000 rw-p 00083000 08:12 27275827                   /nix/store/maaa5292j41lm6jbzwq6yvbpqxlli6hy-openjdk-17.0.7+7/lib/openjdk/lib/libglassgtk3.so
7f7305200000-7f7305201000 ---p 00000000 00:00 0 
7f7305201000-7f7305a01000 rw-p 00000000 00:00 0 
7f7305a01000-7f7305a03000 r--s 00000000 08:12 25041617                   /nix/store/ikyph5zm71wbigg5bb0n5ixhy13v3xxc-fc-cache/01d970e313e6c7cd6d60087045ea9a3c-x86_64.cache-9
7f7305a03000-7f7305a06000 r--s 00000000 08:12 25041624                   /nix/store/ikyph5zm71wbigg5bb0n5ixhy13v3xxc-fc-cache/22e7946f313274a52e897a5eafcef74c-x86_64.cache-9
7f7305a06000-7f7305a09000 r--s 00000000 08:12 25041625                   /nix/store/ikyph5zm71wbigg5bb0n5ixhy13v3xxc-fc-cache/22fa9353ffc9320087149b86c4212e41-x86_64.cache-9
7f7305a09000-7f7305a0a000 r--p 00000000 08:12 26385726                   /nix/store/maaa5292j41lm6jbzwq6yvbpqxlli6hy-openjdk-17.0.7+7/lib/openjdk/lib/libjavafx_font.so
7f7305a0a000-7f7305a0c000 r-xp 00001000 08:12 26385726                   /nix/store/maaa5292j41lm6jbzwq6yvbpqxlli6hy-openjdk-17.0.7+7/lib/openjdk/lib/libjavafx_font.so
7f7305a0c000-7f7305a0d000 r--p 00003000 08:12 26385726                   /nix/store/maaa5292j41lm6jbzwq6yvbpqxlli6hy-openjdk-17.0.7+7/lib/openjdk/lib/libjavafx_font.so
7f7305a0d000-7f7305a0e000 r--p 00003000 08:12 26385726                   /nix/store/maaa5292j41lm6jbzwq6yvbpqxlli6hy-openjdk-17.0.7+7/lib/openjdk/lib/libjavafx_font.so
7f7305a0e000-7f7305a10000 rw-p 00004000 08:12 26385726                   /nix/store/maaa5292j41lm6jbzwq6yvbpqxlli6hy-openjdk-17.0.7+7/lib/openjdk/lib/libjavafx_font.so
7f7305a10000-7f7305a12000 r--p 00000000 08:12 24924175                   /nix/store/a5cz0h9rr4wbb8cwks8l7kiqf8q4zh9r-libXtst-1.2.4/lib/libXtst.so.6.1.0
7f7305a12000-7f7305a15000 r-xp 00002000 08:12 24924175                   /nix/store/a5cz0h9rr4wbb8cwks8l7kiqf8q4zh9r-libXtst-1.2.4/lib/libXtst.so.6.1.0
7f7305a15000-7f7305a16000 r--p 00005000 08:12 24924175                   /nix/store/a5cz0h9rr4wbb8cwks8l7kiqf8q4zh9r-libXtst-1.2.4/lib/libXtst.so.6.1.0
7f7305a16000-7f7305a17000 r--p 00006000 08:12 24924175                   /nix/store/a5cz0h9rr4wbb8cwks8l7kiqf8q4zh9r-libXtst-1.2.4/lib/libXtst.so.6.1.0
7f7305a17000-7f7305a18000 rw-p 00007000 08:12 24924175                   /nix/store/a5cz0h9rr4wbb8cwks8l7kiqf8q4zh9r-libXtst-1.2.4/lib/libXtst.so.6.1.0
7f7305a18000-7f7305a1b000 r--p 00000000 08:12 27277877                   /nix/store/maaa5292j41lm6jbzwq6yvbpqxlli6hy-openjdk-17.0.7+7/lib/openjdk/lib/libprism_sw.so
7f7305a1b000-7f7305a26000 r-xp 00003000 08:12 27277877                   /nix/store/maaa5292j41lm6jbzwq6yvbpqxlli6hy-openjdk-17.0.7+7/lib/openjdk/lib/libprism_sw.so
7f7305a26000-7f7305a28000 r--p 0000e000 08:12 27277877                   /nix/store/maaa5292j41lm6jbzwq6yvbpqxlli6hy-openjdk-17.0.7+7/lib/openjdk/lib/libprism_sw.so
7f7305a28000-7f7305a29000 r--p 0000f000 08:12 27277877                   /nix/store/maaa5292j41lm6jbzwq6yvbpqxlli6hy-openjdk-17.0.7+7/lib/openjdk/lib/libprism_sw.so
7f7305a29000-7f7305a2a000 rw-p 00010000 08:12 27277877                   /nix/store/maaa5292j41lm6jbzwq6yvbpqxlli6hy-openjdk-17.0.7+7/lib/openjdk/lib/libprism_sw.so
7f7305a2a000-7f7305a2b000 rw-p 00012000 08:12 27277877                   /nix/store/maaa5292j41lm6jbzwq6yvbpqxlli6hy-openjdk-17.0.7+7/lib/openjdk/lib/libprism_sw.so
7f7305a2b000-7f7305b6c000 rw-s 00000000 08:12 5373983                    /home/cooperfrolich/.cache/mesa_shader_cache/index
7f7305b6c000-7f7305b6f000 r--p 00000000 08:12 24907195                   /nix/store/zqap6zgy6g8900yzhi76729bfsmxqbm4-libpciaccess-0.18.1/lib/libpciaccess.so.0.11.1
7f7305b6f000-7f7305b74000 r-xp 00003000 08:12 24907195                   /nix/store/zqap6zgy6g8900yzhi76729bfsmxqbm4-libpciaccess-0.18.1/lib/libpciaccess.so.0.11.1
7f7305b74000-7f7305b76000 r--p 00008000 08:12 24907195                   /nix/store/zqap6zgy6g8900yzhi76729bfsmxqbm4-libpciaccess-0.18.1/lib/libpciaccess.so.0.11.1
7f7305b76000-7f7305b77000 r--p 00009000 08:12 24907195                   /nix/store/zqap6zgy6g8900yzhi76729bfsmxqbm4-libpciaccess-0.18.1/lib/libpciaccess.so.0.11.1
7f7305b77000-7f7305b78000 rw-p 0000a000 08:12 24907195                   /nix/store/zqap6zgy6g8900yzhi76729bfsmxqbm4-libpciaccess-0.18.1/lib/libpciaccess.so.0.11.1
7f7305b78000-7f7305b7c000 r--p 00000000 08:12 20710432                   /nix/store/n87dnp3cw99gssql0xk9yycrhrg50gir-xz-5.4.6/lib/liblzma.so.5.4.6
7f7305b7c000-7f7305b99000 r-xp 00004000 08:12 20710432                   /nix/store/n87dnp3cw99gssql0xk9yycrhrg50gir-xz-5.4.6/lib/liblzma.so.5.4.6
7f7305b99000-7f7305ba5000 r--p 00021000 08:12 20710432                   /nix/store/n87dnp3cw99gssql0xk9yycrhrg50gir-xz-5.4.6/lib/liblzma.so.5.4.6
7f7305ba5000-7f7305ba6000 r--p 0002d000 08:12 20710432                   /nix/store/n87dnp3cw99gssql0xk9yycrhrg50gir-xz-5.4.6/lib/liblzma.so.5.4.6
7f7305ba6000-7f7305ba7000 rw-p 0002e000 08:12 20710432                   /nix/store/n87dnp3cw99gssql0xk9yycrhrg50gir-xz-5.4.6/lib/liblzma.so.5.4.6
7f7305ba7000-7f7305bbe000 r--p 00000000 08:12 22415596                   /nix/store/jrrnf6kak9fbfm910506ppws50d33p9f-ncurses-6.4/lib/libncursesw.so.6.4
7f7305bbe000-7f7305bfe000 r-xp 00017000 08:12 22415596                   /nix/store/jrrnf6kak9fbfm910506ppws50d33p9f-ncurses-6.4/lib/libncursesw.so.6.4
7f7305bfe000-7f7305c16000 r--p 00057000 08:12 22415596                   /nix/store/jrrnf6kak9fbfm910506ppws50d33p9f-ncurses-6.4/lib/libncursesw.so.6.4
7f7305c16000-7f7305c1a000 r--p 0006f000 08:12 22415596                   /nix/store/jrrnf6kak9fbfm910506ppws50d33p9f-ncurses-6.4/lib/libncursesw.so.6.4
7f7305c1a000-7f7305c1b000 rw-p 00073000 08:12 22415596                   /nix/store/jrrnf6kak9fbfm910506ppws50d33p9f-ncurses-6.4/lib/libncursesw.so.6.4
7f7305c1b000-7f7305c1f000 r--p 00000000 08:12 24908097                   /nix/store/756cvzasa0n5pdx2kl3rz26dl7f7xz3m-libdrm-2.4.120/lib/libdrm_intel.so.1.0.0
7f7305c1f000-7f7305c35000 r-xp 00004000 08:12 24908097                   /nix/store/756cvzasa0n5pdx2kl3rz26dl7f7xz3m-libdrm-2.4.120/lib/libdrm_intel.so.1.0.0
7f7305c35000-7f7305c3f000 r--p 0001a000 08:12 24908097                   /nix/store/756cvzasa0n5pdx2kl3rz26dl7f7xz3m-libdrm-2.4.120/lib/libdrm_intel.so.1.0.0
7f7305c3f000-7f7305c40000 r--p 00023000 08:12 24908097                   /nix/store/756cvzasa0n5pdx2kl3rz26dl7f7xz3m-libdrm-2.4.120/lib/libdrm_intel.so.1.0.0
7f7305c40000-7f7305c41000 rw-p 00024000 08:12 24908097                   /nix/store/756cvzasa0n5pdx2kl3rz26dl7f7xz3m-libdrm-2.4.120/lib/libdrm_intel.so.1.0.0
7f7305c41000-7f7305c43000 r--p 00000000 08:12 24911571                   /nix/store/756cvzasa0n5pdx2kl3rz26dl7f7xz3m-libdrm-2.4.120/lib/libdrm_nouveau.so.2.0.0
7f7305c43000-7f7305c48000 r-xp 00002000 08:12 24911571                   /nix/store/756cvzasa0n5pdx2kl3rz26dl7f7xz3m-libdrm-2.4.120/lib/libdrm_nouveau.so.2.0.0
7f7305c48000-7f7305c4a000 r--p 00007000 08:12 24911571                   /nix/store/756cvzasa0n5pdx2kl3rz26dl7f7xz3m-libdrm-2.4.120/lib/libdrm_nouveau.so.2.0.0
7f7305c4a000-7f7305c4b000 r--p 00008000 08:12 24911571                   /nix/store/756cvzasa0n5pdx2kl3rz26dl7f7xz3m-libdrm-2.4.120/lib/libdrm_nouveau.so.2.0.0
7f7305c4b000-7f7305c4c000 rw-p 00009000 08:12 24911571                   /nix/store/756cvzasa0n5pdx2kl3rz26dl7f7xz3m-libdrm-2.4.120/lib/libdrm_nouveau.so.2.0.0
7f7305c4c000-7f7305c4f000 r--p 00000000 08:12 24907633                   /nix/store/756cvzasa0n5pdx2kl3rz26dl7f7xz3m-libdrm-2.4.120/lib/libdrm_amdgpu.so.1.0.0
7f7305c4f000-7f7305c54000 r-xp 00003000 08:12 24907633                   /nix/store/756cvzasa0n5pdx2kl3rz26dl7f7xz3m-libdrm-2.4.120/lib/libdrm_amdgpu.so.1.0.0
7f7305c54000-7f7305c56000 r--p 00008000 08:12 24907633                   /nix/store/756cvzasa0n5pdx2kl3rz26dl7f7xz3m-libdrm-2.4.120/lib/libdrm_amdgpu.so.1.0.0
7f7305c56000-7f7305c57000 r--p 00009000 08:12 24907633                   /nix/store/756cvzasa0n5pdx2kl3rz26dl7f7xz3m-libdrm-2.4.120/lib/libdrm_amdgpu.so.1.0.0
7f7305c57000-7f7305c58000 rw-p 0000a000 08:12 24907633                   /nix/store/756cvzasa0n5pdx2kl3rz26dl7f7xz3m-libdrm-2.4.120/lib/libdrm_amdgpu.so.1.0.0
7f7305c58000-7f7305c5c000 r--p 00000000 08:12 22416831                   /nix/store/6xjw6gbp208sng4zkacakpwl0iq56n70-elfutils-0.191/lib/libelf-0.191.so
7f7305c5c000-7f7305c6d000 r-xp 00004000 08:12 22416831                   /nix/store/6xjw6gbp208sng4zkacakpwl0iq56n70-elfutils-0.191/lib/libelf-0.191.so
7f7305c6d000-7f7305c72000 r--p 00015000 08:12 22416831                   /nix/store/6xjw6gbp208sng4zkacakpwl0iq56n70-elfutils-0.191/lib/libelf-0.191.so
7f7305c72000-7f7305c73000 r--p 00019000 08:12 22416831                   /nix/store/6xjw6gbp208sng4zkacakpwl0iq56n70-elfutils-0.191/lib/libelf-0.191.so
7f7305c73000-7f7305c74000 rw-p 0001a000 08:12 22416831                   /nix/store/6xjw6gbp208sng4zkacakpwl0iq56n70-elfutils-0.191/lib/libelf-0.191.so
7f7305c74000-7f7305c76000 r--p 00000000 08:12 24911767                   /nix/store/756cvzasa0n5pdx2kl3rz26dl7f7xz3m-libdrm-2.4.120/lib/libdrm_radeon.so.1.0.1
7f7305c76000-7f7305c7c000 r-xp 00002000 08:12 24911767                   /nix/store/756cvzasa0n5pdx2kl3rz26dl7f7xz3m-libdrm-2.4.120/lib/libdrm_radeon.so.1.0.1
7f7305c7c000-7f7305c80000 r--p 00008000 08:12 24911767                   /nix/store/756cvzasa0n5pdx2kl3rz26dl7f7xz3m-libdrm-2.4.120/lib/libdrm_radeon.so.1.0.1
7f7305c80000-7f7305c81000 r--p 0000b000 08:12 24911767                   /nix/store/756cvzasa0n5pdx2kl3rz26dl7f7xz3m-libdrm-2.4.120/lib/libdrm_radeon.so.1.0.1
7f7305c81000-7f7305c82000 rw-p 0000c000 08:12 24911767                   /nix/store/756cvzasa0n5pdx2kl3rz26dl7f7xz3m-libdrm-2.4.120/lib/libdrm_radeon.so.1.0.1
7f7305c82000-7f7305c85000 r--p 00000000 08:12 24772979                   /nix/store/7wis5f05f2m52faq2sjhnicb38zi9p5n-lm-sensors-3.6.0/lib/libsensors.so.5.0.0
7f7305c85000-7f7305c8c000 r-xp 00003000 08:12 24772979                   /nix/store/7wis5f05f2m52faq2sjhnicb38zi9p5n-lm-sensors-3.6.0/lib/libsensors.so.5.0.0
7f7305c8c000-7f7305c91000 r--p 0000a000 08:12 24772979                   /nix/store/7wis5f05f2m52faq2sjhnicb38zi9p5n-lm-sensors-3.6.0/lib/libsensors.so.5.0.0
7f7305c91000-7f7305c92000 r--p 0000e000 08:12 24772979                   /nix/store/7wis5f05f2m52faq2sjhnicb38zi9p5n-lm-sensors-3.6.0/lib/libsensors.so.5.0.0
7f7305c92000-7f7305c93000 rw-p 0000f000 08:12 24772979                   /nix/store/7wis5f05f2m52faq2sjhnicb38zi9p5n-lm-sensors-3.6.0/lib/libsensors.so.5.0.0
7f7305c93000-7f7305c9c000 r--p 00000000 08:12 26214668                   /nix/store/7mnvfrpsbivkxyfbmqczdq5pbb1n59j1-zstd-1.5.6/lib/libzstd.so.1.5.6
7f7305c9c000-7f7305d53000 r-xp 00009000 08:12 26214668                   /nix/store/7mnvfrpsbivkxyfbmqczdq5pbb1n59j1-zstd-1.5.6/lib/libzstd.so.1.5.6
7f7305d53000-7f7305d63000 r--p 000c0000 08:12 26214668                   /nix/store/7mnvfrpsbivkxyfbmqczdq5pbb1n59j1-zstd-1.5.6/lib/libzstd.so.1.5.6
7f7305d63000-7f7305d64000 r--p 000cf000 08:12 26214668                   /nix/store/7mnvfrpsbivkxyfbmqczdq5pbb1n59j1-zstd-1.5.6/lib/libzstd.so.1.5.6
7f7305d64000-7f7305d65000 rw-p 000d0000 08:12 26214668                   /nix/store/7mnvfrpsbivkxyfbmqczdq5pbb1n59j1-zstd-1.5.6/lib/libzstd.so.1.5.6
7f7305d65000-7f7305d72000 r--p 00000000 08:12 24919307                   /nix/store/cvbf30dc4mamggijbxwlwxaxd7q4wch1-libxcb-1.17.0/lib/libxcb-glx.so.0.0.0
7f7305d72000-7f7305d7b000 r-xp 0000d000 08:12 24919307                   /nix/store/cvbf30dc4mamggijbxwlwxaxd7q4wch1-libxcb-1.17.0/lib/libxcb-glx.so.0.0.0
7f7305d7b000-7f7305d80000 r--p 00016000 08:12 24919307                   /nix/store/cvbf30dc4mamggijbxwlwxaxd7q4wch1-libxcb-1.17.0/lib/libxcb-glx.so.0.0.0
7f7305d80000-7f7305d82000 r--p 0001b000 08:12 24919307                   /nix/store/cvbf30dc4mamggijbxwlwxaxd7q4wch1-libxcb-1.17.0/lib/libxcb-glx.so.0.0.0
7f7305d82000-7f7305d83000 rw-p 0001d000 08:12 24919307                   /nix/store/cvbf30dc4mamggijbxwlwxaxd7q4wch1-libxcb-1.17.0/lib/libxcb-glx.so.0.0.0
7f7305d83000-7f7305d9f000 r--p 00000000 08:12 27265028                   /nix/store/qdfdv7axm2zxj19k43g9j68qgcphdraz-mesa-24.0.6-drivers/lib/libGLX_mesa.so.0.0.0
7f7305d9f000-7f7305ddc000 r-xp 0001c000 08:12 27265028                   /nix/store/qdfdv7axm2zxj19k43g9j68qgcphdraz-mesa-24.0.6-drivers/lib/libGLX_mesa.so.0.0.0
7f7305ddc000-7f7305df2000 r--p 00059000 08:12 27265028                   /nix/store/qdfdv7axm2zxj19k43g9j68qgcphdraz-mesa-24.0.6-drivers/lib/libGLX_mesa.so.0.0.0
7f7305df2000-7f7305df5000 r--p 0006e000 08:12 27265028                   /nix/store/qdfdv7axm2zxj19k43g9j68qgcphdraz-mesa-24.0.6-drivers/lib/libGLX_mesa.so.0.0.0
7f7305df5000-7f7305df6000 rw-p 00071000 08:12 27265028                   /nix/store/qdfdv7axm2zxj19k43g9j68qgcphdraz-mesa-24.0.6-drivers/lib/libGLX_mesa.so.0.0.0
7f7305df6000-7f7305e00000 rw-p 00090000 08:12 27265028                   /nix/store/qdfdv7axm2zxj19k43g9j68qgcphdraz-mesa-24.0.6-drivers/lib/libGLX_mesa.so.0.0.0
7f7305e00000-7f7305e04000 ---p 00000000 00:00 0 
7f7305e04000-7f7305f00000 rw-p 00000000 00:00 0 
7f7305f00000-7f7305f04000 ---p 00000000 00:00 0 
7f7305f04000-7f7306000000 rw-p 00000000 00:00 0 
7f7306000000-7f7308021000 rw-p 00000000 00:00 0 
7f7308021000-7f730c000000 ---p 00000000 00:00 0 
7f730c000000-7f730c001000 r--s 00000000 08:12 25041736                   /nix/store/ikyph5zm71wbigg5bb0n5ixhy13v3xxc-fc-cache/6ea452b3f319aacc031670b6c0521a78-x86_64.cache-9
7f730c001000-7f730c002000 r--p 00000000 08:12 27275825                   /nix/store/maaa5292j41lm6jbzwq6yvbpqxlli6hy-openjdk-17.0.7+7/lib/openjdk/lib/libglass.so
7f730c002000-7f730c003000 r-xp 00001000 08:12 27275825                   /nix/store/maaa5292j41lm6jbzwq6yvbpqxlli6hy-openjdk-17.0.7+7/lib/openjdk/lib/libglass.so
7f730c003000-7f730c004000 r--p 00002000 08:12 27275825                   /nix/store/maaa5292j41lm6jbzwq6yvbpqxlli6hy-openjdk-17.0.7+7/lib/openjdk/lib/libglass.so
7f730c004000-7f730c005000 r--p 00002000 08:12 27275825                   /nix/store/maaa5292j41lm6jbzwq6yvbpqxlli6hy-openjdk-17.0.7+7/lib/openjdk/lib/libglass.so
7f730c005000-7f730c007000 rw-p 00003000 08:12 27275825                   /nix/store/maaa5292j41lm6jbzwq6yvbpqxlli6hy-openjdk-17.0.7+7/lib/openjdk/lib/libglass.so
7f730c007000-7f730c00b000 r--p 00000000 08:12 24919373                   /nix/store/cvbf30dc4mamggijbxwlwxaxd7q4wch1-libxcb-1.17.0/lib/libxcb-xfixes.so.0.0.0
7f730c00b000-7f730c00e000 r-xp 00004000 08:12 24919373                   /nix/store/cvbf30dc4mamggijbxwlwxaxd7q4wch1-libxcb-1.17.0/lib/libxcb-xfixes.so.0.0.0
7f730c00e000-7f730c00f000 r--p 00007000 08:12 24919373                   /nix/store/cvbf30dc4mamggijbxwlwxaxd7q4wch1-libxcb-1.17.0/lib/libxcb-xfixes.so.0.0.0
7f730c00f000-7f730c010000 r--p 00008000 08:12 24919373                   /nix/store/cvbf30dc4mamggijbxwlwxaxd7q4wch1-libxcb-1.17.0/lib/libxcb-xfixes.so.0.0.0
7f730c010000-7f730c011000 rw-p 00009000 08:12 24919373                   /nix/store/cvbf30dc4mamggijbxwlwxaxd7q4wch1-libxcb-1.17.0/lib/libxcb-xfixes.so.0.0.0
7f730c011000-7f730c01e000 r--p 00000000 08:12 21104072                   /nix/store/jfkj3qmkzahd5lfagpy3sp0cjp2sbfbg-mesa-24.0.6/lib/libglapi.so.0.0.0
7f730c01e000-7f730c02c000 r-xp 0000d000 08:12 21104072                   /nix/store/jfkj3qmkzahd5lfagpy3sp0cjp2sbfbg-mesa-24.0.6/lib/libglapi.so.0.0.0
7f730c02c000-7f730c040000 r--p 0001b000 08:12 21104072                   /nix/store/jfkj3qmkzahd5lfagpy3sp0cjp2sbfbg-mesa-24.0.6/lib/libglapi.so.0.0.0
7f730c040000-7f730c044000 r--p 0002f000 08:12 21104072                   /nix/store/jfkj3qmkzahd5lfagpy3sp0cjp2sbfbg-mesa-24.0.6/lib/libglapi.so.0.0.0
7f730c044000-7f730c045000 rw-p 00033000 08:12 21104072                   /nix/store/jfkj3qmkzahd5lfagpy3sp0cjp2sbfbg-mesa-24.0.6/lib/libglapi.so.0.0.0
7f730c045000-7f730c086000 r--p 00000000 08:12 22025176                   /nix/store/wr5abp6s0z61mp1wwyjxhwcrs6sx3jwq-libglvnd-1.7.0/lib/libGLdispatch.so.0.0.0
7f730c086000-7f730c0c5000 r-xp 00041000 08:12 22025176                   /nix/store/wr5abp6s0z61mp1wwyjxhwcrs6sx3jwq-libglvnd-1.7.0/lib/libGLdispatch.so.0.0.0
7f730c0c5000-7f730c0d9000 r--p 00080000 08:12 22025176                   /nix/store/wr5abp6s0z61mp1wwyjxhwcrs6sx3jwq-libglvnd-1.7.0/lib/libGLdispatch.so.0.0.0
7f730c0d9000-7f730c0f5000 r--p 00093000 08:12 22025176                   /nix/store/wr5abp6s0z61mp1wwyjxhwcrs6sx3jwq-libglvnd-1.7.0/lib/libGLdispatch.so.0.0.0
7f730c0f5000-7f730c0f6000 rw-p 000af000 08:12 22025176                   /nix/store/wr5abp6s0z61mp1wwyjxhwcrs6sx3jwq-libglvnd-1.7.0/lib/libGLdispatch.so.0.0.0
7f730c0f6000-7f730c0fe000 rw-p 00000000 00:00 0 
7f730c0fe000-7f730c0ff000 ---p 00000000 00:00 0 
7f730c0ff000-7f730c200000 rw-p 00000000 00:00 0 
7f730c200000-7f730d510000 rwxp 00000000 00:00 0 
7f730d510000-7f7313737000 ---p 00000000 00:00 0 
7f7313737000-7f73139a7000 rwxp 00000000 00:00 0 
7f73139a7000-7f7313cc9000 ---p 00000000 00:00 0 
7f7313cc9000-7f7314769000 rwxp 00000000 00:00 0 
7f7314769000-7f731b200000 ---p 00000000 00:00 0 
7f731b200000-7f7323e0c000 r--s 00000000 08:12 27277885                   /nix/store/maaa5292j41lm6jbzwq6yvbpqxlli6hy-openjdk-17.0.7+7/lib/openjdk/lib/modules
7f7323e0c000-7f7323e0f000 r--p 00000000 08:12 24919361                   /nix/store/cvbf30dc4mamggijbxwlwxaxd7q4wch1-libxcb-1.17.0/lib/libxcb-sync.so.1.0.0
7f7323e0f000-7f7323e11000 r-xp 00003000 08:12 24919361                   /nix/store/cvbf30dc4mamggijbxwlwxaxd7q4wch1-libxcb-1.17.0/lib/libxcb-sync.so.1.0.0
7f7323e11000-7f7323e12000 r--p 00005000 08:12 24919361                   /nix/store/cvbf30dc4mamggijbxwlwxaxd7q4wch1-libxcb-1.17.0/lib/libxcb-sync.so.1.0.0
7f7323e12000-7f7323e13000 r--p 00006000 08:12 24919361                   /nix/store/cvbf30dc4mamggijbxwlwxaxd7q4wch1-libxcb-1.17.0/lib/libxcb-sync.so.1.0.0
7f7323e13000-7f7323e14000 rw-p 00007000 08:12 24919361                   /nix/store/cvbf30dc4mamggijbxwlwxaxd7q4wch1-libxcb-1.17.0/lib/libxcb-sync.so.1.0.0
7f7323e14000-7f7323e1c000 r--p 00000000 08:12 24919318                   /nix/store/cvbf30dc4mamggijbxwlwxaxd7q4wch1-libxcb-1.17.0/lib/libxcb-randr.so.0.1.0
7f7323e1c000-7f7323e21000 r-xp 00008000 08:12 24919318                   /nix/store/cvbf30dc4mamggijbxwlwxaxd7q4wch1-libxcb-1.17.0/lib/libxcb-randr.so.0.1.0
7f7323e21000-7f7323e24000 r--p 0000d000 08:12 24919318                   /nix/store/cvbf30dc4mamggijbxwlwxaxd7q4wch1-libxcb-1.17.0/lib/libxcb-randr.so.0.1.0
7f7323e24000-7f7323e25000 r--p 00010000 08:12 24919318                   /nix/store/cvbf30dc4mamggijbxwlwxaxd7q4wch1-libxcb-1.17.0/lib/libxcb-randr.so.0.1.0
7f7323e25000-7f7323e26000 rw-p 00011000 08:12 24919318                   /nix/store/cvbf30dc4mamggijbxwlwxaxd7q4wch1-libxcb-1.17.0/lib/libxcb-randr.so.0.1.0
7f7323e26000-7f7323e2c000 r--p 00000000 08:12 27000878                   /nix/store/756cvzasa0n5pdx2kl3rz26dl7f7xz3m-libdrm-2.4.120/lib/libdrm.so.2.4.0
7f7323e2c000-7f7323e38000 r-xp 00006000 08:12 27000878                   /nix/store/756cvzasa0n5pdx2kl3rz26dl7f7xz3m-libdrm-2.4.120/lib/libdrm.so.2.4.0
7f7323e38000-7f7323e3c000 r--p 00012000 08:12 27000878                   /nix/store/756cvzasa0n5pdx2kl3rz26dl7f7xz3m-libdrm-2.4.120/lib/libdrm.so.2.4.0
7f7323e3c000-7f7323e3d000 r--p 00016000 08:12 27000878                   /nix/store/756cvzasa0n5pdx2kl3rz26dl7f7xz3m-libdrm-2.4.120/lib/libdrm.so.2.4.0
7f7323e3d000-7f7323e3e000 rw-p 00017000 08:12 27000878                   /nix/store/756cvzasa0n5pdx2kl3rz26dl7f7xz3m-libdrm-2.4.120/lib/libdrm.so.2.4.0
7f7323e3e000-7f7323e41000 r--p 00000000 08:12 24916279                   /nix/store/wr5abp6s0z61mp1wwyjxhwcrs6sx3jwq-libglvnd-1.7.0/lib/libGLX.so.0.0.0
7f7323e41000-7f7323e5c000 r-xp 00003000 08:12 24916279                   /nix/store/wr5abp6s0z61mp1wwyjxhwcrs6sx3jwq-libglvnd-1.7.0/lib/libGLX.so.0.0.0
7f7323e5c000-7f7323e5f000 r--p 0001e000 08:12 24916279                   /nix/store/wr5abp6s0z61mp1wwyjxhwcrs6sx3jwq-libglvnd-1.7.0/lib/libGLX.so.0.0.0
7f7323e5f000-7f7323e60000 r--p 00021000 08:12 24916279                   /nix/store/wr5abp6s0z61mp1wwyjxhwcrs6sx3jwq-libglvnd-1.7.0/lib/libGLX.so.0.0.0
7f7323e60000-7f7323e61000 rw-p 00022000 08:12 24916279                   /nix/store/wr5abp6s0z61mp1wwyjxhwcrs6sx3jwq-libglvnd-1.7.0/lib/libGLX.so.0.0.0
7f7323e61000-7f7323e71000 rw-p 00000000 00:00 0 
7f7323e71000-7f7323e72000 rw-p 00057000 08:12 24916279                   /nix/store/wr5abp6s0z61mp1wwyjxhwcrs6sx3jwq-libglvnd-1.7.0/lib/libGLX.so.0.0.0
7f7323e72000-7f7323ebb000 r--p 00000000 08:12 24916247                   /nix/store/wr5abp6s0z61mp1wwyjxhwcrs6sx3jwq-libglvnd-1.7.0/lib/libGL.so.1.7.0
7f7323ebb000-7f7323edb000 r-xp 00049000 08:12 24916247                   /nix/store/wr5abp6s0z61mp1wwyjxhwcrs6sx3jwq-libglvnd-1.7.0/lib/libGL.so.1.7.0
7f7323edb000-7f7323ef0000 r--p 00069000 08:12 24916247                   /nix/store/wr5abp6s0z61mp1wwyjxhwcrs6sx3jwq-libglvnd-1.7.0/lib/libGL.so.1.7.0
7f7323ef0000-7f7323efe000 r--p 0007d000 08:12 24916247                   /nix/store/wr5abp6s0z61mp1wwyjxhwcrs6sx3jwq-libglvnd-1.7.0/lib/libGL.so.1.7.0
7f7323efe000-7f7323eff000 rw-p 0008b000 08:12 24916247                   /nix/store/wr5abp6s0z61mp1wwyjxhwcrs6sx3jwq-libglvnd-1.7.0/lib/libGL.so.1.7.0
7f7323eff000-7f7323f00000 rw-p 00000000 00:00 0 
7f7323f00000-7f7323f04000 ---p 00000000 00:00 0 
7f7323f04000-7f7324000000 rw-p 00000000 00:00 0 
7f7324000000-7f7324192000 rw-p 00000000 00:00 0 
7f7324192000-7f7328004000 ---p 00000000 00:00 0 
7f7328004000-7f7328100000 rw-p 00000000 00:00 0 
7f7328100000-7f7328104000 ---p 00000000 00:00 0 
7f7328104000-7f7328200000 rw-p 00000000 00:00 0 
7f7328200000-7f7328204000 ---p 00000000 00:00 0 
7f7328204000-7f7328300000 rw-p 00000000 00:00 0 
7f7328300000-7f7328304000 ---p 00000000 00:00 0 
7f7328304000-7f7328400000 rw-p 00000000 00:00 0 
7f7328400000-7f7328404000 ---p 00000000 00:00 0 
7f7328404000-7f7328500000 rw-p 00000000 00:00 0 
7f7328500000-7f7328504000 ---p 00000000 00:00 0 
7f7328504000-7f7328600000 rw-p 00000000 00:00 0 
7f7328600000-7f73288ec000 r--p 00000000 08:12 22851441                   /nix/store/b88478xf3qpsw6y85qvaq4d8gyw09z8d-glibc-locales-2.39-31/lib/locale/locale-archive
7f73288ec000-7f73288ee000 r--p 00000000 08:12 24919313                   /nix/store/cvbf30dc4mamggijbxwlwxaxd7q4wch1-libxcb-1.17.0/lib/libxcb-present.so.0.0.0
7f73288ee000-7f73288ef000 r-xp 00002000 08:12 24919313                   /nix/store/cvbf30dc4mamggijbxwlwxaxd7q4wch1-libxcb-1.17.0/lib/libxcb-present.so.0.0.0
7f73288ef000-7f73288f0000 r--p 00003000 08:12 24919313                   /nix/store/cvbf30dc4mamggijbxwlwxaxd7q4wch1-libxcb-1.17.0/lib/libxcb-present.so.0.0.0
7f73288f0000-7f73288f1000 r--p 00003000 08:12 24919313                   /nix/store/cvbf30dc4mamggijbxwlwxaxd7q4wch1-libxcb-1.17.0/lib/libxcb-present.so.0.0.0
7f73288f1000-7f73288f2000 rw-p 00004000 08:12 24919313                   /nix/store/cvbf30dc4mamggijbxwlwxaxd7q4wch1-libxcb-1.17.0/lib/libxcb-present.so.0.0.0
7f73288f2000-7f73288f4000 r--p 00000000 08:12 24919303                   /nix/store/cvbf30dc4mamggijbxwlwxaxd7q4wch1-libxcb-1.17.0/lib/libxcb-dri3.so.0.1.0
7f73288f4000-7f73288f6000 r-xp 00002000 08:12 24919303                   /nix/store/cvbf30dc4mamggijbxwlwxaxd7q4wch1-libxcb-1.17.0/lib/libxcb-dri3.so.0.1.0
7f73288f6000-7f73288f7000 r--p 00004000 08:12 24919303                   /nix/store/cvbf30dc4mamggijbxwlwxaxd7q4wch1-libxcb-1.17.0/lib/libxcb-dri3.so.0.1.0
7f73288f7000-7f73288f8000 r--p 00004000 08:12 24919303                   /nix/store/cvbf30dc4mamggijbxwlwxaxd7q4wch1-libxcb-1.17.0/lib/libxcb-dri3.so.0.1.0
7f73288f8000-7f73288f9000 rw-p 00005000 08:12 24919303                   /nix/store/cvbf30dc4mamggijbxwlwxaxd7q4wch1-libxcb-1.17.0/lib/libxcb-dri3.so.0.1.0
7f73288f9000-7f73288fd000 r--p 00000000 08:12 27277876                   /nix/store/maaa5292j41lm6jbzwq6yvbpqxlli6hy-openjdk-17.0.7+7/lib/openjdk/lib/libprism_es2.so
7f73288fd000-7f7328903000 r-xp 00004000 08:12 27277876                   /nix/store/maaa5292j41lm6jbzwq6yvbpqxlli6hy-openjdk-17.0.7+7/lib/openjdk/lib/libprism_es2.so
7f7328903000-7f7328906000 r--p 0000a000 08:12 27277876                   /nix/store/maaa5292j41lm6jbzwq6yvbpqxlli6hy-openjdk-17.0.7+7/lib/openjdk/lib/libprism_es2.so
7f7328906000-7f7328907000 r--p 0000c000 08:12 27277876                   /nix/store/maaa5292j41lm6jbzwq6yvbpqxlli6hy-openjdk-17.0.7+7/lib/openjdk/lib/libprism_es2.so
7f7328907000-7f7328908000 rw-p 0000d000 08:12 27277876                   /nix/store/maaa5292j41lm6jbzwq6yvbpqxlli6hy-openjdk-17.0.7+7/lib/openjdk/lib/libprism_es2.so
7f7328908000-7f732890a000 rw-p 00010000 08:12 27277876                   /nix/store/maaa5292j41lm6jbzwq6yvbpqxlli6hy-openjdk-17.0.7+7/lib/openjdk/lib/libprism_es2.so
7f732890a000-7f732893b000 rw-p 00000000 00:00 0 
7f732893b000-7f732893f000 ---p 00000000 00:00 0 
7f732893f000-7f7328a3b000 rw-p 00000000 00:00 0 
7f7328a3b000-7f7328a3f000 ---p 00000000 00:00 0 
7f7328a3f000-7f7328b3b000 rw-p 00000000 00:00 0 
7f7328b3b000-7f7328b3f000 ---p 00000000 00:00 0 
7f7328b3f000-7f7328c3b000 rw-p 00000000 00:00 0 
7f7328c3b000-7f7328c3c000 ---p 00000000 00:00 0 
7f7328c3c000-7f7328d3d000 rw-p 00000000 00:00 0 
7f7328d3d000-7f7328d43000 r--p 00000000 08:12 27277866                   /nix/store/maaa5292j41lm6jbzwq6yvbpqxlli6hy-openjdk-17.0.7+7/lib/openjdk/lib/libjsvml.so
7f7328d43000-7f7328d84000 r-xp 00006000 08:12 27277866                   /nix/store/maaa5292j41lm6jbzwq6yvbpqxlli6hy-openjdk-17.0.7+7/lib/openjdk/lib/libjsvml.so
7f7328d84000-7f7328e0d000 r--p 00047000 08:12 27277866                   /nix/store/maaa5292j41lm6jbzwq6yvbpqxlli6hy-openjdk-17.0.7+7/lib/openjdk/lib/libjsvml.so
7f7328e0d000-7f7328e0e000 r--p 000cf000 08:12 27277866                   /nix/store/maaa5292j41lm6jbzwq6yvbpqxlli6hy-openjdk-17.0.7+7/lib/openjdk/lib/libjsvml.so
7f7328e0e000-7f7328e0f000 rw-p 000d0000 08:12 27277866                   /nix/store/maaa5292j41lm6jbzwq6yvbpqxlli6hy-openjdk-17.0.7+7/lib/openjdk/lib/libjsvml.so
7f7328e0f000-7f7328e12000 rw-p 000d6000 08:12 27277866                   /nix/store/maaa5292j41lm6jbzwq6yvbpqxlli6hy-openjdk-17.0.7+7/lib/openjdk/lib/libjsvml.so
7f7328e12000-7f7328eee000 rw-p 00000000 00:00 0 
7f7328eee000-7f7328eef000 ---p 00000000 00:00 0 
7f7328eef000-7f7328ff0000 rw-p 00000000 00:00 0 
7f7328ff0000-7f7328ff1000 ---p 00000000 00:00 0 
7f7328ff1000-7f73290f2000 rw-p 00000000 00:00 0 
7f73290f2000-7f73298fa000 rw-p 00000000 00:00 0 
7f73298fa000-7f73298fb000 ---p 00000000 00:00 0 
7f73298fb000-7f73299fc000 rw-p 00000000 00:00 0 
7f73299fc000-7f73299fd000 ---p 00000000 00:00 0 
7f73299fd000-7f7329afe000 rw-p 00000000 00:00 0 
7f7329afe000-7f7329aff000 ---p 00000000 00:00 0 
7f7329aff000-7f7329c00000 rw-p 00000000 00:00 0 
7f7329c00000-7f7329f38000 rw-p 00000000 00:00 0 
7f7329f38000-7f732a3f8000 ---p 00000000 00:00 0 
7f732a3f8000-7f732a738000 rw-p 00000000 00:00 0 
7f732a738000-7f732abf8000 ---p 00000000 00:00 0 
7f732abf8000-7f732ac00000 rw-p 00000000 00:00 0 
7f732ac00000-7f732ac01000 r--s 00000000 08:12 23084007                   /nix/store/ikyph5zm71wbigg5bb0n5ixhy13v3xxc-fc-cache/5c61dda1e1dfb5561412d14ceb917268-x86_64.cache-9
7f732ac01000-7f732ac02000 r--p 00000000 08:12 27007955                   /nix/store/8c1926y0snsm1zzr9c6ykqyh4q2fyp4g-libxshmfence-1.3.2/lib/libxshmfence.so.1.0.0
7f732ac02000-7f732ac03000 r-xp 00001000 08:12 27007955                   /nix/store/8c1926y0snsm1zzr9c6ykqyh4q2fyp4g-libxshmfence-1.3.2/lib/libxshmfence.so.1.0.0
7f732ac03000-7f732ac04000 r--p 00002000 08:12 27007955                   /nix/store/8c1926y0snsm1zzr9c6ykqyh4q2fyp4g-libxshmfence-1.3.2/lib/libxshmfence.so.1.0.0
7f732ac04000-7f732ac05000 r--p 00002000 08:12 27007955                   /nix/store/8c1926y0snsm1zzr9c6ykqyh4q2fyp4g-libxshmfence-1.3.2/lib/libxshmfence.so.1.0.0
7f732ac05000-7f732ac06000 rw-p 00003000 08:12 27007955                   /nix/store/8c1926y0snsm1zzr9c6ykqyh4q2fyp4g-libxshmfence-1.3.2/lib/libxshmfence.so.1.0.0
7f732ac06000-7f732ac08000 r--p 00000000 08:12 24919299                   /nix/store/cvbf30dc4mamggijbxwlwxaxd7q4wch1-libxcb-1.17.0/lib/libxcb-dri2.so.0.0.0
7f732ac08000-7f732ac0a000 r-xp 00002000 08:12 24919299                   /nix/store/cvbf30dc4mamggijbxwlwxaxd7q4wch1-libxcb-1.17.0/lib/libxcb-dri2.so.0.0.0
7f732ac0a000-7f732ac0b000 r--p 00004000 08:12 24919299                   /nix/store/cvbf30dc4mamggijbxwlwxaxd7q4wch1-libxcb-1.17.0/lib/libxcb-dri2.so.0.0.0
7f732ac0b000-7f732ac0c000 r--p 00004000 08:12 24919299                   /nix/store/cvbf30dc4mamggijbxwlwxaxd7q4wch1-libxcb-1.17.0/lib/libxcb-dri2.so.0.0.0
7f732ac0c000-7f732ac0d000 rw-p 00005000 08:12 24919299                   /nix/store/cvbf30dc4mamggijbxwlwxaxd7q4wch1-libxcb-1.17.0/lib/libxcb-dri2.so.0.0.0
7f732ac0d000-7f732ac74000 rw-p 00000000 00:00 0 
7f732ac74000-7f732ad0c000 ---p 00000000 00:00 0 
7f732ad0c000-7f732ad74000 rw-p 00000000 00:00 0 
7f732ad74000-7f732ae0c000 ---p 00000000 00:00 0 
7f732ae0c000-7f732ae74000 rw-p 00000000 00:00 0 
7f732ae74000-7f732af0c000 ---p 00000000 00:00 0 
7f732af0c000-7f732b72b000 rw-p 00000000 00:00 0 
7f732b72b000-7f732b800000 ---p 00000000 00:00 0 
7f732b800000-7f732b8a4000 r--p 00000000 08:12 22295456                   /nix/store/p3ffjixpnfgkqh20nsrc13vrj3yfi0nj-gcc-13.2.0-lib/lib/libstdc++.so.6.0.32
7f732b8a4000-7f732b9c3000 r-xp 000a4000 08:12 22295456                   /nix/store/p3ffjixpnfgkqh20nsrc13vrj3yfi0nj-gcc-13.2.0-lib/lib/libstdc++.so.6.0.32
7f732b9c3000-7f732ba50000 r--p 001c3000 08:12 22295456                   /nix/store/p3ffjixpnfgkqh20nsrc13vrj3yfi0nj-gcc-13.2.0-lib/lib/libstdc++.so.6.0.32
7f732ba50000-7f732ba5d000 r--p 00250000 08:12 22295456                   /nix/store/p3ffjixpnfgkqh20nsrc13vrj3yfi0nj-gcc-13.2.0-lib/lib/libstdc++.so.6.0.32
7f732ba5d000-7f732ba5e000 rw-p 0025d000 08:12 22295456                   /nix/store/p3ffjixpnfgkqh20nsrc13vrj3yfi0nj-gcc-13.2.0-lib/lib/libstdc++.so.6.0.32
7f732ba5e000-7f732ba62000 rw-p 00000000 00:00 0 
7f732ba62000-7f732ba63000 r--p 00000000 08:12 27012672                   /nix/store/h0aal69rli3p604dmijx7mps1diwx4f3-libX11-1.8.9/lib/libX11-xcb.so.1.0.0
7f732ba63000-7f732ba64000 r-xp 00001000 08:12 27012672                   /nix/store/h0aal69rli3p604dmijx7mps1diwx4f3-libX11-1.8.9/lib/libX11-xcb.so.1.0.0
7f732ba64000-7f732ba65000 r--p 00002000 08:12 27012672                   /nix/store/h0aal69rli3p604dmijx7mps1diwx4f3-libX11-1.8.9/lib/libX11-xcb.so.1.0.0
7f732ba65000-7f732ba66000 r--p 00002000 08:12 27012672                   /nix/store/h0aal69rli3p604dmijx7mps1diwx4f3-libX11-1.8.9/lib/libX11-xcb.so.1.0.0
7f732ba66000-7f732ba67000 rw-p 00003000 08:12 27012672                   /nix/store/h0aal69rli3p604dmijx7mps1diwx4f3-libX11-1.8.9/lib/libX11-xcb.so.1.0.0
7f732ba67000-7f732ba69000 r--p 00000000 08:12 24641926                   /nix/store/d3bl30j9ifhx0r5q9s6bnpywbm836a8m-libXxf86vm-1.1.5/lib/libXxf86vm.so.1.0.0
7f732ba69000-7f732ba6c000 r-xp 00002000 08:12 24641926                   /nix/store/d3bl30j9ifhx0r5q9s6bnpywbm836a8m-libXxf86vm-1.1.5/lib/libXxf86vm.so.1.0.0
7f732ba6c000-7f732ba6d000 r--p 00005000 08:12 24641926                   /nix/store/d3bl30j9ifhx0r5q9s6bnpywbm836a8m-libXxf86vm-1.1.5/lib/libXxf86vm.so.1.0.0
7f732ba6d000-7f732ba6e000 r--p 00005000 08:12 24641926                   /nix/store/d3bl30j9ifhx0r5q9s6bnpywbm836a8m-libXxf86vm-1.1.5/lib/libXxf86vm.so.1.0.0
7f732ba6e000-7f732ba6f000 rw-p 00006000 08:12 24641926                   /nix/store/d3bl30j9ifhx0r5q9s6bnpywbm836a8m-libXxf86vm-1.1.5/lib/libXxf86vm.so.1.0.0
7f732ba6f000-7f732ba72000 r--p 00000000 08:12 27277884                   /nix/store/maaa5292j41lm6jbzwq6yvbpqxlli6hy-openjdk-17.0.7+7/lib/openjdk/lib/libzip.so
7f732ba72000-7f732ba76000 r-xp 00003000 08:12 27277884                   /nix/store/maaa5292j41lm6jbzwq6yvbpqxlli6hy-openjdk-17.0.7+7/lib/openjdk/lib/libzip.so
7f732ba76000-7f732ba78000 r--p 00007000 08:12 27277884                   /nix/store/maaa5292j41lm6jbzwq6yvbpqxlli6hy-openjdk-17.0.7+7/lib/openjdk/lib/libzip.so
7f732ba78000-7f732ba79000 r--p 00008000 08:12 27277884                   /nix/store/maaa5292j41lm6jbzwq6yvbpqxlli6hy-openjdk-17.0.7+7/lib/openjdk/lib/libzip.so
7f732ba79000-7f732ba7a000 rw-p 00009000 08:12 27277884                   /nix/store/maaa5292j41lm6jbzwq6yvbpqxlli6hy-openjdk-17.0.7+7/lib/openjdk/lib/libzip.so
7f732ba7a000-7f732ba7c000 rw-p 0000c000 08:12 27277884                   /nix/store/maaa5292j41lm6jbzwq6yvbpqxlli6hy-openjdk-17.0.7+7/lib/openjdk/lib/libzip.so
7f732ba7c000-7f732ba81000 r--p 00000000 08:12 27277872                   /nix/store/maaa5292j41lm6jbzwq6yvbpqxlli6hy-openjdk-17.0.7+7/lib/openjdk/lib/libnet.so
7f732ba81000-7f732ba8f000 r-xp 00005000 08:12 27277872                   /nix/store/maaa5292j41lm6jbzwq6yvbpqxlli6hy-openjdk-17.0.7+7/lib/openjdk/lib/libnet.so
7f732ba8f000-7f732ba93000 r--p 00013000 08:12 27277872                   /nix/store/maaa5292j41lm6jbzwq6yvbpqxlli6hy-openjdk-17.0.7+7/lib/openjdk/lib/libnet.so
7f732ba93000-7f732ba94000 r--p 00016000 08:12 27277872                   /nix/store/maaa5292j41lm6jbzwq6yvbpqxlli6hy-openjdk-17.0.7+7/lib/openjdk/lib/libnet.so
7f732ba94000-7f732ba95000 rw-p 00017000 08:12 27277872                   /nix/store/maaa5292j41lm6jbzwq6yvbpqxlli6hy-openjdk-17.0.7+7/lib/openjdk/lib/libnet.so
7f732ba95000-7f732ba98000 rw-p 0001c000 08:12 27277872                   /nix/store/maaa5292j41lm6jbzwq6yvbpqxlli6hy-openjdk-17.0.7+7/lib/openjdk/lib/libnet.so
7f732ba98000-7f732baa0000 r--p 00000000 08:12 27277873                   /nix/store/maaa5292j41lm6jbzwq6yvbpqxlli6hy-openjdk-17.0.7+7/lib/openjdk/lib/libnio.so
7f732baa0000-7f732baa8000 r-xp 00008000 08:12 27277873                   /nix/store/maaa5292j41lm6jbzwq6yvbpqxlli6hy-openjdk-17.0.7+7/lib/openjdk/lib/libnio.so
7f732baa8000-7f732baac000 r--p 00010000 08:12 27277873                   /nix/store/maaa5292j41lm6jbzwq6yvbpqxlli6hy-openjdk-17.0.7+7/lib/openjdk/lib/libnio.so
7f732baac000-7f732baad000 r--p 00014000 08:12 27277873                   /nix/store/maaa5292j41lm6jbzwq6yvbpqxlli6hy-openjdk-17.0.7+7/lib/openjdk/lib/libnio.so
7f732baad000-7f732baae000 rw-p 00015000 08:12 27277873                   /nix/store/maaa5292j41lm6jbzwq6yvbpqxlli6hy-openjdk-17.0.7+7/lib/openjdk/lib/libnio.so
7f732baae000-7f732bab2000 rw-p 0001b000 08:12 27277873                   /nix/store/maaa5292j41lm6jbzwq6yvbpqxlli6hy-openjdk-17.0.7+7/lib/openjdk/lib/libnio.so
7f732bab2000-7f732bb3c000 rw-p 00000000 00:00 0 
7f732bb3c000-7f732bc00000 ---p 00000000 00:00 0 
7f732bc00000-7f732be51000 r--p 00000000 08:12 27271116                   /nix/store/maaa5292j41lm6jbzwq6yvbpqxlli6hy-openjdk-17.0.7+7/lib/openjdk/lib/server/libjvm.so
7f732be51000-7f732cb72000 r-xp 00251000 08:12 27271116                   /nix/store/maaa5292j41lm6jbzwq6yvbpqxlli6hy-openjdk-17.0.7+7/lib/openjdk/lib/server/libjvm.so
7f732cb72000-7f732cdf3000 r--p 00f72000 08:12 27271116                   /nix/store/maaa5292j41lm6jbzwq6yvbpqxlli6hy-openjdk-17.0.7+7/lib/openjdk/lib/server/libjvm.so
7f732cdf3000-7f732ceab000 r--p 011f2000 08:12 27271116                   /nix/store/maaa5292j41lm6jbzwq6yvbpqxlli6hy-openjdk-17.0.7+7/lib/openjdk/lib/server/libjvm.so
7f732ceab000-7f732cee0000 rw-p 012aa000 08:12 27271116                   /nix/store/maaa5292j41lm6jbzwq6yvbpqxlli6hy-openjdk-17.0.7+7/lib/openjdk/lib/server/libjvm.so
7f732cee0000-7f732cf3a000 rw-p 00000000 00:00 0 
7f732cf3a000-7f732cf3e000 rw-p 016c6000 08:12 27271116                   /nix/store/maaa5292j41lm6jbzwq6yvbpqxlli6hy-openjdk-17.0.7+7/lib/openjdk/lib/server/libjvm.so
7f732cf3e000-7f732cf3f000 r--p 00000000 08:12 12363230                   /nix/store/nx27cp48ylj2bmrf1r72ncl3pcq7w5df-gtk+3-3.24.41/share/locale/en/LC_MESSAGES/gtk30-properties.mo
7f732cf3f000-7f732cf40000 r--p 00000000 08:12 12363231                   /nix/store/nx27cp48ylj2bmrf1r72ncl3pcq7w5df-gtk+3-3.24.41/share/locale/en/LC_MESSAGES/gtk30.mo
7f732cf40000-7f732cf45000 rw-p 00000000 00:00 0 
7f732cf45000-7f732cf4c000 ---p 00000000 00:00 0 
7f732cf4c000-7f732cf5a000 r--p 00000000 08:12 27275834                   /nix/store/maaa5292j41lm6jbzwq6yvbpqxlli6hy-openjdk-17.0.7+7/lib/openjdk/lib/libjava.so
7f732cf5a000-7f732cf6c000 r-xp 0000e000 08:12 27275834                   /nix/store/maaa5292j41lm6jbzwq6yvbpqxlli6hy-openjdk-17.0.7+7/lib/openjdk/lib/libjava.so
7f732cf6c000-7f732cf72000 r--p 00020000 08:12 27275834                   /nix/store/maaa5292j41lm6jbzwq6yvbpqxlli6hy-openjdk-17.0.7+7/lib/openjdk/lib/libjava.so
7f732cf72000-7f732cf73000 r--p 00026000 08:12 27275834                   /nix/store/maaa5292j41lm6jbzwq6yvbpqxlli6hy-openjdk-17.0.7+7/lib/openjdk/lib/libjava.so
7f732cf73000-7f732cf74000 rw-p 00027000 08:12 27275834                   /nix/store/maaa5292j41lm6jbzwq6yvbpqxlli6hy-openjdk-17.0.7+7/lib/openjdk/lib/libjava.so
7f732cf74000-7f732cf75000 rw-p 00000000 00:00 0 
7f732cf75000-7f732cf7b000 rw-p 00032000 08:12 27275834                   /nix/store/maaa5292j41lm6jbzwq6yvbpqxlli6hy-openjdk-17.0.7+7/lib/openjdk/lib/libjava.so
7f732cf7b000-7f732cf83000 rw-s 00000000 08:12 22026558                   /tmp/hsperfdata_cooperfrolich/46821
7f732cf83000-7f732cf84000 ---p 00000000 00:00 0 
7f732cf84000-7f732cf85000 r--p 00000000 00:00 0 
7f732cf85000-7f732cf87000 r--p 00000000 08:12 27274699                   /nix/store/maaa5292j41lm6jbzwq6yvbpqxlli6hy-openjdk-17.0.7+7/lib/openjdk/lib/libjimage.so
7f732cf87000-7f732cf8a000 r-xp 00002000 08:12 27274699                   /nix/store/maaa5292j41lm6jbzwq6yvbpqxlli6hy-openjdk-17.0.7+7/lib/openjdk/lib/libjimage.so
7f732cf8a000-7f732cf8b000 r--p 00005000 08:12 27274699                   /nix/store/maaa5292j41lm6jbzwq6yvbpqxlli6hy-openjdk-17.0.7+7/lib/openjdk/lib/libjimage.so
7f732cf8b000-7f732cf8c000 r--p 00006000 08:12 27274699                   /nix/store/maaa5292j41lm6jbzwq6yvbpqxlli6hy-openjdk-17.0.7+7/lib/openjdk/lib/libjimage.so
7f732cf8c000-7f732cf8d000 rw-p 00007000 08:12 27274699                   /nix/store/maaa5292j41lm6jbzwq6yvbpqxlli6hy-openjdk-17.0.7+7/lib/openjdk/lib/libjimage.so
7f732cf8d000-7f732cf8e000 rw-p 0000a000 08:12 27274699                   /nix/store/maaa5292j41lm6jbzwq6yvbpqxlli6hy-openjdk-17.0.7+7/lib/openjdk/lib/libjimage.so
7f732cf8e000-7f732cf92000 ---p 00000000 00:00 0 
7f732cf92000-7f732d08e000 rw-p 00000000 00:00 0 
7f732d08e000-7f732d092000 r--p 00000000 08:12 22154929                   /nix/store/k927dryij6k8ga8slxs39pjdsmsny8c8-gcc-13.2.0-libgcc/lib/libgcc_s.so.1
7f732d092000-7f732d0ad000 r-xp 00004000 08:12 22154929                   /nix/store/k927dryij6k8ga8slxs39pjdsmsny8c8-gcc-13.2.0-libgcc/lib/libgcc_s.so.1
7f732d0ad000-7f732d0b1000 r--p 0001f000 08:12 22154929                   /nix/store/k927dryij6k8ga8slxs39pjdsmsny8c8-gcc-13.2.0-libgcc/lib/libgcc_s.so.1
7f732d0b1000-7f732d0b2000 r--p 00022000 08:12 22154929                   /nix/store/k927dryij6k8ga8slxs39pjdsmsny8c8-gcc-13.2.0-libgcc/lib/libgcc_s.so.1
7f732d0b2000-7f732d0b3000 rw-p 00023000 08:12 22154929                   /nix/store/k927dryij6k8ga8slxs39pjdsmsny8c8-gcc-13.2.0-libgcc/lib/libgcc_s.so.1
7f732d0b3000-7f732d0b4000 r--p 00000000 08:12 22155078                   /nix/store/apab5i73dqa09wx0q27b6fbhd1r18ihl-glibc-2.39-31/lib/librt.so.1
7f732d0b4000-7f732d0b5000 r-xp 00001000 08:12 22155078                   /nix/store/apab5i73dqa09wx0q27b6fbhd1r18ihl-glibc-2.39-31/lib/librt.so.1
7f732d0b5000-7f732d0b6000 r--p 00002000 08:12 22155078                   /nix/store/apab5i73dqa09wx0q27b6fbhd1r18ihl-glibc-2.39-31/lib/librt.so.1
7f732d0b6000-7f732d0b7000 r--p 00002000 08:12 22155078                   /nix/store/apab5i73dqa09wx0q27b6fbhd1r18ihl-glibc-2.39-31/lib/librt.so.1
7f732d0b7000-7f732d0b8000 rw-p 00003000 08:12 22155078                   /nix/store/apab5i73dqa09wx0q27b6fbhd1r18ihl-glibc-2.39-31/lib/librt.so.1
7f732d0b8000-7f732d0c1000 rw-p 00000000 00:00 0 
7f732d0c1000-7f732d0c4000 r--p 00000000 08:12 22952640                   /nix/store/v4jrk736s8a8mk3vcf50hx1l0dwa4bdz-libcap-2.69-lib/lib/libcap.so.2.69
7f732d0c4000-7f732d0c9000 r-xp 00003000 08:12 22952640                   /nix/store/v4jrk736s8a8mk3vcf50hx1l0dwa4bdz-libcap-2.69-lib/lib/libcap.so.2.69
7f732d0c9000-7f732d0cb000 r--p 00008000 08:12 22952640                   /nix/store/v4jrk736s8a8mk3vcf50hx1l0dwa4bdz-libcap-2.69-lib/lib/libcap.so.2.69
7f732d0cb000-7f732d0cc000 r--p 0000a000 08:12 22952640                   /nix/store/v4jrk736s8a8mk3vcf50hx1l0dwa4bdz-libcap-2.69-lib/lib/libcap.so.2.69
7f732d0cc000-7f732d0cd000 rw-p 0000b000 08:12 22952640                   /nix/store/v4jrk736s8a8mk3vcf50hx1l0dwa4bdz-libcap-2.69-lib/lib/libcap.so.2.69
7f732d0cd000-7f732d0cf000 rw-p 00000000 00:00 0 
7f732d0cf000-7f732d0d1000 r--p 00000000 08:12 26355349                   /nix/store/wqnrln9nq2i0jlkfcmpr2h1hqgn0djgw-libdatrie-2019-12-20-lib/lib/libdatrie.so.1.3.5
7f732d0d1000-7f732d0d5000 r-xp 00002000 08:12 26355349                   /nix/store/wqnrln9nq2i0jlkfcmpr2h1hqgn0djgw-libdatrie-2019-12-20-lib/lib/libdatrie.so.1.3.5
7f732d0d5000-7f732d0d7000 r--p 00006000 08:12 26355349                   /nix/store/wqnrln9nq2i0jlkfcmpr2h1hqgn0djgw-libdatrie-2019-12-20-lib/lib/libdatrie.so.1.3.5
7f732d0d7000-7f732d0d8000 r--p 00007000 08:12 26355349                   /nix/store/wqnrln9nq2i0jlkfcmpr2h1hqgn0djgw-libdatrie-2019-12-20-lib/lib/libdatrie.so.1.3.5
7f732d0d8000-7f732d0d9000 rw-p 00008000 08:12 26355349                   /nix/store/wqnrln9nq2i0jlkfcmpr2h1hqgn0djgw-libdatrie-2019-12-20-lib/lib/libdatrie.so.1.3.5
7f732d0d9000-7f732d0db000 r--p 00000000 08:12 26607867                   /nix/store/6gg4xf3abpmdpkhpqkqwx2hdvs7fmgwc-libXdmcp-1.1.5/lib/libXdmcp.so.6.0.0
7f732d0db000-7f732d0dd000 r-xp 00002000 08:12 26607867                   /nix/store/6gg4xf3abpmdpkhpqkqwx2hdvs7fmgwc-libXdmcp-1.1.5/lib/libXdmcp.so.6.0.0
7f732d0dd000-7f732d0df000 r--p 00004000 08:12 26607867                   /nix/store/6gg4xf3abpmdpkhpqkqwx2hdvs7fmgwc-libXdmcp-1.1.5/lib/libXdmcp.so.6.0.0
7f732d0df000-7f732d0e0000 r--p 00005000 08:12 26607867                   /nix/store/6gg4xf3abpmdpkhpqkqwx2hdvs7fmgwc-libXdmcp-1.1.5/lib/libXdmcp.so.6.0.0
7f732d0e0000-7f732d0e1000 rw-p 00006000 08:12 26607867                   /nix/store/6gg4xf3abpmdpkhpqkqwx2hdvs7fmgwc-libXdmcp-1.1.5/lib/libXdmcp.so.6.0.0
7f732d0e1000-7f732d0e2000 r--p 00000000 08:12 22549161                   /nix/store/mhs3ys5lbahsvrai5y0fv49q2xp4pc31-libXau-1.0.11/lib/libXau.so.6.0.0
7f732d0e2000-7f732d0e3000 r-xp 00001000 08:12 22549161                   /nix/store/mhs3ys5lbahsvrai5y0fv49q2xp4pc31-libXau-1.0.11/lib/libXau.so.6.0.0
7f732d0e3000-7f732d0e4000 r--p 00002000 08:12 22549161                   /nix/store/mhs3ys5lbahsvrai5y0fv49q2xp4pc31-libXau-1.0.11/lib/libXau.so.6.0.0
7f732d0e4000-7f732d0e5000 r--p 00002000 08:12 22549161                   /nix/store/mhs3ys5lbahsvrai5y0fv49q2xp4pc31-libXau-1.0.11/lib/libXau.so.6.0.0
7f732d0e5000-7f732d0e6000 rw-p 00003000 08:12 22549161                   /nix/store/mhs3ys5lbahsvrai5y0fv49q2xp4pc31-libXau-1.0.11/lib/libXau.so.6.0.0
7f732d0e6000-7f732d0e8000 rw-p 00000000 00:00 0 
7f732d0e8000-7f732d102000 r--p 00000000 08:12 25039762                   /nix/store/yhnhwqm09w9302rx24804i67jfp8ar4h-systemd-minimal-255.4/lib/libsystemd.so.0.38.0
7f732d102000-7f732d1ab000 r-xp 0001a000 08:12 25039762                   /nix/store/yhnhwqm09w9302rx24804i67jfp8ar4h-systemd-minimal-255.4/lib/libsystemd.so.0.38.0
7f732d1ab000-7f732d1e9000 r--p 000c3000 08:12 25039762                   /nix/store/yhnhwqm09w9302rx24804i67jfp8ar4h-systemd-minimal-255.4/lib/libsystemd.so.0.38.0
7f732d1e9000-7f732d1f5000 r--p 00100000 08:12 25039762                   /nix/store/yhnhwqm09w9302rx24804i67jfp8ar4h-systemd-minimal-255.4/lib/libsystemd.so.0.38.0
7f732d1f5000-7f732d1f6000 rw-p 0010c000 08:12 25039762                   /nix/store/yhnhwqm09w9302rx24804i67jfp8ar4h-systemd-minimal-255.4/lib/libsystemd.so.0.38.0
7f732d1f6000-7f732d1f7000 rw-p 00000000 00:00 0 
7f732d1f7000-7f732d201000 r--p 00000000 08:12 22422370                   /nix/store/xs3y3icbd26gxr617m1alhjba12pkm92-util-linux-minimal-2.39.3-lib/lib/libblkid.so.1.1.0
7f732d201000-7f732d23a000 r-xp 0000a000 08:12 22422370                   /nix/store/xs3y3icbd26gxr617m1alhjba12pkm92-util-linux-minimal-2.39.3-lib/lib/libblkid.so.1.1.0
7f732d23a000-7f732d24c000 r--p 00043000 08:12 22422370                   /nix/store/xs3y3icbd26gxr617m1alhjba12pkm92-util-linux-minimal-2.39.3-lib/lib/libblkid.so.1.1.0
7f732d24c000-7f732d252000 r--p 00055000 08:12 22422370                   /nix/store/xs3y3icbd26gxr617m1alhjba12pkm92-util-linux-minimal-2.39.3-lib/lib/libblkid.so.1.1.0
7f732d252000-7f732d253000 rw-p 0005b000 08:12 22422370                   /nix/store/xs3y3icbd26gxr617m1alhjba12pkm92-util-linux-minimal-2.39.3-lib/lib/libblkid.so.1.1.0
7f732d253000-7f732d265000 r--p 00000000 08:12 22414295                   /nix/store/gbx1y99nzj2vj03vn23mbnsfx8dwf9kd-sqlite-3.45.3/lib/libsqlite3.so.0.8.6
7f732d265000-7f732d373000 r-xp 00012000 08:12 22414295                   /nix/store/gbx1y99nzj2vj03vn23mbnsfx8dwf9kd-sqlite-3.45.3/lib/libsqlite3.so.0.8.6
7f732d373000-7f732d3aa000 r--p 00120000 08:12 22414295                   /nix/store/gbx1y99nzj2vj03vn23mbnsfx8dwf9kd-sqlite-3.45.3/lib/libsqlite3.so.0.8.6
7f732d3aa000-7f732d3ae000 r--p 00156000 08:12 22414295                   /nix/store/gbx1y99nzj2vj03vn23mbnsfx8dwf9kd-sqlite-3.45.3/lib/libsqlite3.so.0.8.6
7f732d3ae000-7f732d3b2000 rw-p 0015a000 08:12 22414295                   /nix/store/gbx1y99nzj2vj03vn23mbnsfx8dwf9kd-sqlite-3.45.3/lib/libsqlite3.so.0.8.6
7f732d3b2000-7f732d3b3000 rw-p 00000000 00:00 0 
7f732d3b3000-7f732d3bc000 r--p 00000000 08:12 24914723                   /nix/store/vsv0kz8nsakcyw9wr8810f5v5mhz7rbs-json-glib-1.8.0/lib/libjson-glib-1.0.so.0.800.0
7f732d3bc000-7f732d3d2000 r-xp 00009000 08:12 24914723                   /nix/store/vsv0kz8nsakcyw9wr8810f5v5mhz7rbs-json-glib-1.8.0/lib/libjson-glib-1.0.so.0.800.0
7f732d3d2000-7f732d3dc000 r--p 0001f000 08:12 24914723                   /nix/store/vsv0kz8nsakcyw9wr8810f5v5mhz7rbs-json-glib-1.8.0/lib/libjson-glib-1.0.so.0.800.0
7f732d3dc000-7f732d3dd000 r--p 00028000 08:12 24914723                   /nix/store/vsv0kz8nsakcyw9wr8810f5v5mhz7rbs-json-glib-1.8.0/lib/libjson-glib-1.0.so.0.800.0
7f732d3dd000-7f732d3de000 rw-p 00029000 08:12 24914723                   /nix/store/vsv0kz8nsakcyw9wr8810f5v5mhz7rbs-json-glib-1.8.0/lib/libjson-glib-1.0.so.0.800.0
7f732d3de000-7f732d3e0000 rw-p 00000000 00:00 0 
7f732d3e0000-7f732d3f2000 r--p 00000000 08:12 25297418                   /nix/store/crn8y4dlsnr4883wkik37xwiqhkckgjd-at-spi2-core-2.52.0/lib/libatspi.so.0.0.1
7f732d3f2000-7f732d40a000 r-xp 00012000 08:12 25297418                   /nix/store/crn8y4dlsnr4883wkik37xwiqhkckgjd-at-spi2-core-2.52.0/lib/libatspi.so.0.0.1
7f732d40a000-7f732d417000 r--p 0002a000 08:12 25297418                   /nix/store/crn8y4dlsnr4883wkik37xwiqhkckgjd-at-spi2-core-2.52.0/lib/libatspi.so.0.0.1
7f732d417000-7f732d41b000 r--p 00037000 08:12 25297418                   /nix/store/crn8y4dlsnr4883wkik37xwiqhkckgjd-at-spi2-core-2.52.0/lib/libatspi.so.0.0.1
7f732d41b000-7f732d41c000 rw-p 0003b000 08:12 25297418                   /nix/store/crn8y4dlsnr4883wkik37xwiqhkckgjd-at-spi2-core-2.52.0/lib/libatspi.so.0.0.1
7f732d41c000-7f732d422000 r--p 00000000 08:12 21104075                   /nix/store/fpa7lnf6lbxfrf3vl9v2j157y594rbdw-libjpeg-turbo-3.0.2/lib/libjpeg.so.62.4.0
7f732d422000-7f732d4c0000 r-xp 00006000 08:12 21104075                   /nix/store/fpa7lnf6lbxfrf3vl9v2j157y594rbdw-libjpeg-turbo-3.0.2/lib/libjpeg.so.62.4.0
7f732d4c0000-7f732d4e9000 r--p 000a4000 08:12 21104075                   /nix/store/fpa7lnf6lbxfrf3vl9v2j157y594rbdw-libjpeg-turbo-3.0.2/lib/libjpeg.so.62.4.0
7f732d4e9000-7f732d4ea000 r--p 000cd000 08:12 21104075                   /nix/store/fpa7lnf6lbxfrf3vl9v2j157y594rbdw-libjpeg-turbo-3.0.2/lib/libjpeg.so.62.4.0
7f732d4ea000-7f732d4eb000 rw-p 000ce000 08:12 21104075                   /nix/store/fpa7lnf6lbxfrf3vl9v2j157y594rbdw-libjpeg-turbo-3.0.2/lib/libjpeg.so.62.4.0
7f732d4eb000-7f732d4f6000 r--p 00000000 08:12 24912277                   /nix/store/wp39qd0w5z36qras2rm9dbxb4dh6z4bn-pixman-0.43.4/lib/libpixman-1.so.0.43.4
7f732d4f6000-7f732d57f000 r-xp 0000b000 08:12 24912277                   /nix/store/wp39qd0w5z36qras2rm9dbxb4dh6z4bn-pixman-0.43.4/lib/libpixman-1.so.0.43.4
7f732d57f000-7f732d591000 r--p 00094000 08:12 24912277                   /nix/store/wp39qd0w5z36qras2rm9dbxb4dh6z4bn-pixman-0.43.4/lib/libpixman-1.so.0.43.4
7f732d591000-7f732d599000 r--p 000a6000 08:12 24912277                   /nix/store/wp39qd0w5z36qras2rm9dbxb4dh6z4bn-pixman-0.43.4/lib/libpixman-1.so.0.43.4
7f732d599000-7f732d59a000 rw-p 000ae000 08:12 24912277                   /nix/store/wp39qd0w5z36qras2rm9dbxb4dh6z4bn-pixman-0.43.4/lib/libpixman-1.so.0.43.4
7f732d59a000-7f732d59c000 rw-p 00000000 00:00 0 
7f732d59c000-7f732d59d000 r--p 00000000 08:12 24919352                   /nix/store/cvbf30dc4mamggijbxwlwxaxd7q4wch1-libxcb-1.17.0/lib/libxcb-shm.so.0.0.0
7f732d59d000-7f732d59e000 r-xp 00001000 08:12 24919352                   /nix/store/cvbf30dc4mamggijbxwlwxaxd7q4wch1-libxcb-1.17.0/lib/libxcb-shm.so.0.0.0
7f732d59e000-7f732d59f000 r--p 00002000 08:12 24919352                   /nix/store/cvbf30dc4mamggijbxwlwxaxd7q4wch1-libxcb-1.17.0/lib/libxcb-shm.so.0.0.0
7f732d59f000-7f732d5a0000 r--p 00002000 08:12 24919352                   /nix/store/cvbf30dc4mamggijbxwlwxaxd7q4wch1-libxcb-1.17.0/lib/libxcb-shm.so.0.0.0
7f732d5a0000-7f732d5a1000 rw-p 00003000 08:12 24919352                   /nix/store/cvbf30dc4mamggijbxwlwxaxd7q4wch1-libxcb-1.17.0/lib/libxcb-shm.so.0.0.0
7f732d5a1000-7f732d5a7000 r--p 00000000 08:12 24919329                   /nix/store/cvbf30dc4mamggijbxwlwxaxd7q4wch1-libxcb-1.17.0/lib/libxcb-render.so.0.0.0
7f732d5a7000-7f732d5ac000 r-xp 00006000 08:12 24919329                   /nix/store/cvbf30dc4mamggijbxwlwxaxd7q4wch1-libxcb-1.17.0/lib/libxcb-render.so.0.0.0
7f732d5ac000-7f732d5ae000 r--p 0000b000 08:12 24919329                   /nix/store/cvbf30dc4mamggijbxwlwxaxd7q4wch1-libxcb-1.17.0/lib/libxcb-render.so.0.0.0
7f732d5ae000-7f732d5af000 r--p 0000d000 08:12 24919329                   /nix/store/cvbf30dc4mamggijbxwlwxaxd7q4wch1-libxcb-1.17.0/lib/libxcb-render.so.0.0.0
7f732d5af000-7f732d5b0000 rw-p 0000e000 08:12 24919329                   /nix/store/cvbf30dc4mamggijbxwlwxaxd7q4wch1-libxcb-1.17.0/lib/libxcb-render.so.0.0.0
7f732d5b0000-7f732d5b3000 r--p 00000000 08:12 26349410                   /nix/store/ff6vzhlbnydw8n9kh7bsfwh01pi2i3qc-graphite2-1.3.14/lib/libgraphite2.so.3.2.1
7f732d5b3000-7f732d5d1000 r-xp 00003000 08:12 26349410                   /nix/store/ff6vzhlbnydw8n9kh7bsfwh01pi2i3qc-graphite2-1.3.14/lib/libgraphite2.so.3.2.1
7f732d5d1000-7f732d5d6000 r--p 00021000 08:12 26349410                   /nix/store/ff6vzhlbnydw8n9kh7bsfwh01pi2i3qc-graphite2-1.3.14/lib/libgraphite2.so.3.2.1
7f732d5d6000-7f732d5d8000 r--p 00025000 08:12 26349410                   /nix/store/ff6vzhlbnydw8n9kh7bsfwh01pi2i3qc-graphite2-1.3.14/lib/libgraphite2.so.3.2.1
7f732d5d8000-7f732d5d9000 rw-p 00027000 08:12 26349410                   /nix/store/ff6vzhlbnydw8n9kh7bsfwh01pi2i3qc-graphite2-1.3.14/lib/libgraphite2.so.3.2.1
7f732d5d9000-7f732d5dc000 r--p 00000000 08:12 24919177                   /nix/store/cmb8k8bp29cdzm1lz8yz2zig3ps78bg3-libthai-0.1.29/lib/libthai.so.0.3.1
7f732d5dc000-7f732d5e0000 r-xp 00003000 08:12 24919177                   /nix/store/cmb8k8bp29cdzm1lz8yz2zig3ps78bg3-libthai-0.1.29/lib/libthai.so.0.3.1
7f732d5e0000-7f732d5e3000 r--p 00007000 08:12 24919177                   /nix/store/cmb8k8bp29cdzm1lz8yz2zig3ps78bg3-libthai-0.1.29/lib/libthai.so.0.3.1
7f732d5e3000-7f732d5e4000 r--p 00009000 08:12 24919177                   /nix/store/cmb8k8bp29cdzm1lz8yz2zig3ps78bg3-libthai-0.1.29/lib/libthai.so.0.3.1
7f732d5e4000-7f732d5e5000 rw-p 0000a000 08:12 24919177                   /nix/store/cmb8k8bp29cdzm1lz8yz2zig3ps78bg3-libthai-0.1.29/lib/libthai.so.0.3.1
7f732d5e5000-7f732d5e7000 rw-p 00000000 00:00 0 
7f732d5e7000-7f732d5e9000 r--p 00000000 08:12 22952718                   /nix/store/5w1acngnkxqsbidwbfbrrrhrzyjik3d5-libffi-3.4.6/lib/libffi.so.8.1.4
7f732d5e9000-7f732d5f4000 r-xp 00002000 08:12 22952718                   /nix/store/5w1acngnkxqsbidwbfbrrrhrzyjik3d5-libffi-3.4.6/lib/libffi.so.8.1.4
7f732d5f4000-7f732d5f6000 r--p 0000d000 08:12 22952718                   /nix/store/5w1acngnkxqsbidwbfbrrrhrzyjik3d5-libffi-3.4.6/lib/libffi.so.8.1.4
7f732d5f6000-7f732d5f7000 r--p 0000e000 08:12 22952718                   /nix/store/5w1acngnkxqsbidwbfbrrrhrzyjik3d5-libffi-3.4.6/lib/libffi.so.8.1.4
7f732d5f7000-7f732d5f8000 rw-p 0000f000 08:12 22952718                   /nix/store/5w1acngnkxqsbidwbfbrrrhrzyjik3d5-libffi-3.4.6/lib/libffi.so.8.1.4
7f732d5f8000-7f732d5fb000 r--p 00000000 08:12 22547871                   /nix/store/sik7a8dic5lxhm4cp9npibk97x9jcxwf-pcre2-10.43/lib/libpcre2-8.so.0.12.0
7f732d5fb000-7f732d66a000 r-xp 00003000 08:12 22547871                   /nix/store/sik7a8dic5lxhm4cp9npibk97x9jcxwf-pcre2-10.43/lib/libpcre2-8.so.0.12.0
7f732d66a000-7f732d696000 r--p 00072000 08:12 22547871                   /nix/store/sik7a8dic5lxhm4cp9npibk97x9jcxwf-pcre2-10.43/lib/libpcre2-8.so.0.12.0
7f732d696000-7f732d697000 r--p 0009e000 08:12 22547871                   /nix/store/sik7a8dic5lxhm4cp9npibk97x9jcxwf-pcre2-10.43/lib/libpcre2-8.so.0.12.0
7f732d697000-7f732d698000 rw-p 0009f000 08:12 22547871                   /nix/store/sik7a8dic5lxhm4cp9npibk97x9jcxwf-pcre2-10.43/lib/libpcre2-8.so.0.12.0
7f732d698000-7f732d699000 r--p 00000000 08:12 24924943                   /nix/store/f1if6iy0avj0v1b4758gak2wapdi4xnm-libXcomposite-0.4.6/lib/libXcomposite.so.1.0.0
7f732d699000-7f732d69a000 r-xp 00001000 08:12 24924943                   /nix/store/f1if6iy0avj0v1b4758gak2wapdi4xnm-libXcomposite-0.4.6/lib/libXcomposite.so.1.0.0
7f732d69a000-7f732d69b000 r--p 00002000 08:12 24924943                   /nix/store/f1if6iy0avj0v1b4758gak2wapdi4xnm-libXcomposite-0.4.6/lib/libXcomposite.so.1.0.0
7f732d69b000-7f732d69c000 r--p 00002000 08:12 24924943                   /nix/store/f1if6iy0avj0v1b4758gak2wapdi4xnm-libXcomposite-0.4.6/lib/libXcomposite.so.1.0.0
7f732d69c000-7f732d69d000 rw-p 00003000 08:12 24924943                   /nix/store/f1if6iy0avj0v1b4758gak2wapdi4xnm-libXcomposite-0.4.6/lib/libXcomposite.so.1.0.0
7f732d69d000-7f732d69e000 r--p 00000000 08:12 24925760                   /nix/store/6gc7qsskn6n0x9xa34ww874qn4gzi08h-libXdamage-1.1.6/lib/libXdamage.so.1.1.0
7f732d69e000-7f732d69f000 r-xp 00001000 08:12 24925760                   /nix/store/6gc7qsskn6n0x9xa34ww874qn4gzi08h-libXdamage-1.1.6/lib/libXdamage.so.1.1.0
7f732d69f000-7f732d6a0000 r--p 00002000 08:12 24925760                   /nix/store/6gc7qsskn6n0x9xa34ww874qn4gzi08h-libXdamage-1.1.6/lib/libXdamage.so.1.1.0
7f732d6a0000-7f732d6a1000 r--p 00002000 08:12 24925760                   /nix/store/6gc7qsskn6n0x9xa34ww874qn4gzi08h-libXdamage-1.1.6/lib/libXdamage.so.1.1.0
7f732d6a1000-7f732d6a2000 rw-p 00003000 08:12 24925760                   /nix/store/6gc7qsskn6n0x9xa34ww874qn4gzi08h-libXdamage-1.1.6/lib/libXdamage.so.1.1.0
7f732d6a2000-7f732d6a5000 r--p 00000000 08:12 23336173                   /nix/store/h6h29n0pv86n3r70fdcl2b96kpblffj5-libXcursor-1.2.2/lib/libXcursor.so.1.0.2
7f732d6a5000-7f732d6ab000 r-xp 00003000 08:12 23336173                   /nix/store/h6h29n0pv86n3r70fdcl2b96kpblffj5-libXcursor-1.2.2/lib/libXcursor.so.1.0.2
7f732d6ab000-7f732d6ad000 r--p 00009000 08:12 23336173                   /nix/store/h6h29n0pv86n3r70fdcl2b96kpblffj5-libXcursor-1.2.2/lib/libXcursor.so.1.0.2
7f732d6ad000-7f732d6ae000 r--p 0000a000 08:12 23336173                   /nix/store/h6h29n0pv86n3r70fdcl2b96kpblffj5-libXcursor-1.2.2/lib/libXcursor.so.1.0.2
7f732d6ae000-7f732d6af000 rw-p 0000b000 08:12 23336173                   /nix/store/h6h29n0pv86n3r70fdcl2b96kpblffj5-libXcursor-1.2.2/lib/libXcursor.so.1.0.2
7f732d6af000-7f732d6b0000 r--p 00000000 08:12 23336515                   /nix/store/2kl8zy4yql419zsywn9q65hrp4fsjnj2-wayland-1.22.0/lib/libwayland-egl.so.1.22.0
7f732d6b0000-7f732d6b1000 r-xp 00001000 08:12 23336515                   /nix/store/2kl8zy4yql419zsywn9q65hrp4fsjnj2-wayland-1.22.0/lib/libwayland-egl.so.1.22.0
7f732d6b1000-7f732d6b2000 r--p 00002000 08:12 23336515                   /nix/store/2kl8zy4yql419zsywn9q65hrp4fsjnj2-wayland-1.22.0/lib/libwayland-egl.so.1.22.0
7f732d6b2000-7f732d6b3000 r--p 00002000 08:12 23336515                   /nix/store/2kl8zy4yql419zsywn9q65hrp4fsjnj2-wayland-1.22.0/lib/libwayland-egl.so.1.22.0
7f732d6b3000-7f732d6b4000 rw-p 00003000 08:12 23336515                   /nix/store/2kl8zy4yql419zsywn9q65hrp4fsjnj2-wayland-1.22.0/lib/libwayland-egl.so.1.22.0
7f732d6b4000-7f732d6ba000 r--p 00000000 08:12 23336490                   /nix/store/2kl8zy4yql419zsywn9q65hrp4fsjnj2-wayland-1.22.0/lib/libwayland-client.so.0.22.0
7f732d6ba000-7f732d6c0000 r-xp 00006000 08:12 23336490                   /nix/store/2kl8zy4yql419zsywn9q65hrp4fsjnj2-wayland-1.22.0/lib/libwayland-client.so.0.22.0
7f732d6c0000-7f732d6c3000 r--p 0000c000 08:12 23336490                   /nix/store/2kl8zy4yql419zsywn9q65hrp4fsjnj2-wayland-1.22.0/lib/libwayland-client.so.0.22.0
7f732d6c3000-7f732d6c5000 r--p 0000f000 08:12 23336490                   /nix/store/2kl8zy4yql419zsywn9q65hrp4fsjnj2-wayland-1.22.0/lib/libwayland-client.so.0.22.0
7f732d6c5000-7f732d6c6000 rw-p 00011000 08:12 23336490                   /nix/store/2kl8zy4yql419zsywn9q65hrp4fsjnj2-wayland-1.22.0/lib/libwayland-client.so.0.22.0
7f732d6c6000-7f732d6cb000 r--p 00000000 08:12 23201275                   /nix/store/sx108j0la4slxp8cr15kyg8jjy79p3dn-libxkbcommon-1.7.0/lib/libxkbcommon.so.0.0.0
7f732d6cb000-7f732d6e8000 r-xp 00005000 08:12 23201275                   /nix/store/sx108j0la4slxp8cr15kyg8jjy79p3dn-libxkbcommon-1.7.0/lib/libxkbcommon.so.0.0.0
7f732d6e8000-7f732d70c000 r--p 00022000 08:12 23201275                   /nix/store/sx108j0la4slxp8cr15kyg8jjy79p3dn-libxkbcommon-1.7.0/lib/libxkbcommon.so.0.0.0
7f732d70c000-7f732d70e000 r--p 00045000 08:12 23201275                   /nix/store/sx108j0la4slxp8cr15kyg8jjy79p3dn-libxkbcommon-1.7.0/lib/libxkbcommon.so.0.0.0
7f732d70e000-7f732d70f000 rw-p 00047000 08:12 23201275                   /nix/store/sx108j0la4slxp8cr15kyg8jjy79p3dn-libxkbcommon-1.7.0/lib/libxkbcommon.so.0.0.0
7f732d70f000-7f732d71c000 r--p 00000000 08:12 24919492                   /nix/store/cvbf30dc4mamggijbxwlwxaxd7q4wch1-libxcb-1.17.0/lib/libxcb.so.1.1.0
7f732d71c000-7f732d72f000 r-xp 0000d000 08:12 24919492                   /nix/store/cvbf30dc4mamggijbxwlwxaxd7q4wch1-libxcb-1.17.0/lib/libxcb.so.1.1.0
7f732d72f000-7f732d738000 r--p 00020000 08:12 24919492                   /nix/store/cvbf30dc4mamggijbxwlwxaxd7q4wch1-libxcb-1.17.0/lib/libxcb.so.1.1.0
7f732d738000-7f732d739000 r--p 00028000 08:12 24919492                   /nix/store/cvbf30dc4mamggijbxwlwxaxd7q4wch1-libxcb-1.17.0/lib/libxcb.so.1.1.0
7f732d739000-7f732d73a000 rw-p 00029000 08:12 24919492                   /nix/store/cvbf30dc4mamggijbxwlwxaxd7q4wch1-libxcb-1.17.0/lib/libxcb.so.1.1.0
7f732d73a000-7f732d74c000 r--p 00000000 08:12 26114309                   /nix/store/rkj3k7pflfvjf7shraqvb1qd9s2dz1zs-gmp-with-cxx-6.3.0/lib/libgmp.so.10.5.0
7f732d74c000-7f732d7c3000 r-xp 00012000 08:12 26114309                   /nix/store/rkj3k7pflfvjf7shraqvb1qd9s2dz1zs-gmp-with-cxx-6.3.0/lib/libgmp.so.10.5.0
7f732d7c3000-7f732d7da000 r--p 00089000 08:12 26114309                   /nix/store/rkj3k7pflfvjf7shraqvb1qd9s2dz1zs-gmp-with-cxx-6.3.0/lib/libgmp.so.10.5.0
7f732d7da000-7f732d7dc000 r--p 000a0000 08:12 26114309                   /nix/store/rkj3k7pflfvjf7shraqvb1qd9s2dz1zs-gmp-with-cxx-6.3.0/lib/libgmp.so.10.5.0
7f732d7dc000-7f732d7dd000 rw-p 000a2000 08:12 26114309                   /nix/store/rkj3k7pflfvjf7shraqvb1qd9s2dz1zs-gmp-with-cxx-6.3.0/lib/libgmp.so.10.5.0
7f732d7dd000-7f732d7e7000 r--p 00000000 08:12 22417117                   /nix/store/adalw59bvrk2fg2fl662xnc4y2bqn438-nettle-3.9.1/lib/libhogweed.so.6.8
7f732d7e7000-7f732d7fb000 r-xp 0000a000 08:12 22417117                   /nix/store/adalw59bvrk2fg2fl662xnc4y2bqn438-nettle-3.9.1/lib/libhogweed.so.6.8
7f732d7fb000-7f732d825000 r--p 0001e000 08:12 22417117                   /nix/store/adalw59bvrk2fg2fl662xnc4y2bqn438-nettle-3.9.1/lib/libhogweed.so.6.8
7f732d825000-7f732d827000 r--p 00048000 08:12 22417117                   /nix/store/adalw59bvrk2fg2fl662xnc4y2bqn438-nettle-3.9.1/lib/libhogweed.so.6.8
7f732d827000-7f732d828000 rw-p 0004a000 08:12 22417117                   /nix/store/adalw59bvrk2fg2fl662xnc4y2bqn438-nettle-3.9.1/lib/libhogweed.so.6.8
7f732d828000-7f732d837000 r--p 00000000 08:12 26214670                   /nix/store/adalw59bvrk2fg2fl662xnc4y2bqn438-nettle-3.9.1/lib/libnettle.so.8.8
7f732d837000-7f732d861000 r-xp 0000f000 08:12 26214670                   /nix/store/adalw59bvrk2fg2fl662xnc4y2bqn438-nettle-3.9.1/lib/libnettle.so.8.8
7f732d861000-7f732d879000 r--p 00039000 08:12 26214670                   /nix/store/adalw59bvrk2fg2fl662xnc4y2bqn438-nettle-3.9.1/lib/libnettle.so.8.8
7f732d879000-7f732d87b000 r--p 00051000 08:12 26214670                   /nix/store/adalw59bvrk2fg2fl662xnc4y2bqn438-nettle-3.9.1/lib/libnettle.so.8.8
7f732d87b000-7f732d87c000 rw-p 00053000 08:12 26214670                   /nix/store/adalw59bvrk2fg2fl662xnc4y2bqn438-nettle-3.9.1/lib/libnettle.so.8.8
7f732d87c000-7f732d87f000 r--p 00000000 08:12 22952770                   /nix/store/nqd74akpcgp1xfaqbdlfsim807ixnfbc-libtasn1-4.19.0/lib/libtasn1.so.6.6.3
7f732d87f000-7f732d88b000 r-xp 00003000 08:12 22952770                   /nix/store/nqd74akpcgp1xfaqbdlfsim807ixnfbc-libtasn1-4.19.0/lib/libtasn1.so.6.6.3
7f732d88b000-7f732d88f000 r--p 0000f000 08:12 22952770                   /nix/store/nqd74akpcgp1xfaqbdlfsim807ixnfbc-libtasn1-4.19.0/lib/libtasn1.so.6.6.3
7f732d88f000-7f732d890000 r--p 00013000 08:12 22952770                   /nix/store/nqd74akpcgp1xfaqbdlfsim807ixnfbc-libtasn1-4.19.0/lib/libtasn1.so.6.6.3
7f732d890000-7f732d891000 rw-p 00014000 08:12 22952770                   /nix/store/nqd74akpcgp1xfaqbdlfsim807ixnfbc-libtasn1-4.19.0/lib/libtasn1.so.6.6.3
7f732d891000-7f732d8a4000 r--p 00000000 08:12 27998317                   /nix/store/gm61h1y42pqyl6178g90x8zm22n6pyy5-libunistring-1.1/lib/libunistring.so.5.0.0
7f732d8a4000-7f732d8db000 r-xp 00013000 08:12 27998317                   /nix/store/gm61h1y42pqyl6178g90x8zm22n6pyy5-libunistring-1.1/lib/libunistring.so.5.0.0
7f732d8db000-7f732da3d000 r--p 0004a000 08:12 27998317                   /nix/store/gm61h1y42pqyl6178g90x8zm22n6pyy5-libunistring-1.1/lib/libunistring.so.5.0.0
7f732da3d000-7f732da41000 r--p 001ac000 08:12 27998317                   /nix/store/gm61h1y42pqyl6178g90x8zm22n6pyy5-libunistring-1.1/lib/libunistring.so.5.0.0
7f732da41000-7f732da42000 rw-p 001b0000 08:12 27998317                   /nix/store/gm61h1y42pqyl6178g90x8zm22n6pyy5-libunistring-1.1/lib/libunistring.so.5.0.0
7f732da42000-7f732da44000 r--p 00000000 08:12 22033473                   /nix/store/ddfzjdykw67s20c35i7a6624by3iz5jv-libidn2-2.3.7/lib/libidn2.so.0.4.0
7f732da44000-7f732da4a000 r-xp 00002000 08:12 22033473                   /nix/store/ddfzjdykw67s20c35i7a6624by3iz5jv-libidn2-2.3.7/lib/libidn2.so.0.4.0
7f732da4a000-7f732da71000 r--p 00008000 08:12 22033473                   /nix/store/ddfzjdykw67s20c35i7a6624by3iz5jv-libidn2-2.3.7/lib/libidn2.so.0.4.0
7f732da71000-7f732da72000 r--p 0002e000 08:12 22033473                   /nix/store/ddfzjdykw67s20c35i7a6624by3iz5jv-libidn2-2.3.7/lib/libidn2.so.0.4.0
7f732da72000-7f732da73000 rw-p 0002f000 08:12 22033473                   /nix/store/ddfzjdykw67s20c35i7a6624by3iz5jv-libidn2-2.3.7/lib/libidn2.so.0.4.0
7f732da73000-7f732daaa000 r--p 00000000 08:12 22415105                   /nix/store/v48dbyr8cmci56xp91m50z6x65mqws9x-p11-kit-0.25.3/lib/libp11-kit.so.0.3.1
7f732daaa000-7f732db6f000 r-xp 00037000 08:12 22415105                   /nix/store/v48dbyr8cmci56xp91m50z6x65mqws9x-p11-kit-0.25.3/lib/libp11-kit.so.0.3.1
7f732db6f000-7f732dbe6000 r--p 000fc000 08:12 22415105                   /nix/store/v48dbyr8cmci56xp91m50z6x65mqws9x-p11-kit-0.25.3/lib/libp11-kit.so.0.3.1
7f732dbe6000-7f732dbf2000 r--p 00172000 08:12 22415105                   /nix/store/v48dbyr8cmci56xp91m50z6x65mqws9x-p11-kit-0.25.3/lib/libp11-kit.so.0.3.1
7f732dbf2000-7f732dbff000 rw-p 0017e000 08:12 22415105                   /nix/store/v48dbyr8cmci56xp91m50z6x65mqws9x-p11-kit-0.25.3/lib/libp11-kit.so.0.3.1
7f732dbff000-7f732dc00000 rw-p 00000000 00:00 0 
7f732dc00000-7f732dcbc000 r--p 00000000 08:12 22414009                   /nix/store/8f10pxi30lvkdjrkzfw5gzz4rzia8163-openssl-3.0.13/lib/libcrypto.so.3
7f732dcbc000-7f732df44000 r-xp 000bc000 08:12 22414009                   /nix/store/8f10pxi30lvkdjrkzfw5gzz4rzia8163-openssl-3.0.13/lib/libcrypto.so.3
7f732df44000-7f732e01d000 r--p 00344000 08:12 22414009                   /nix/store/8f10pxi30lvkdjrkzfw5gzz4rzia8163-openssl-3.0.13/lib/libcrypto.so.3
7f732e01d000-7f732e079000 r--p 0041c000 08:12 22414009                   /nix/store/8f10pxi30lvkdjrkzfw5gzz4rzia8163-openssl-3.0.13/lib/libcrypto.so.3
7f732e079000-7f732e07c000 rw-p 00478000 08:12 22414009                   /nix/store/8f10pxi30lvkdjrkzfw5gzz4rzia8163-openssl-3.0.13/lib/libcrypto.so.3
7f732e07c000-7f732e081000 rw-p 00000000 00:00 0 
7f732e081000-7f732e083000 r--p 00000000 08:12 23336502                   /nix/store/2kl8zy4yql419zsywn9q65hrp4fsjnj2-wayland-1.22.0/lib/libwayland-cursor.so.0.22.0
7f732e083000-7f732e085000 r-xp 00002000 08:12 23336502                   /nix/store/2kl8zy4yql419zsywn9q65hrp4fsjnj2-wayland-1.22.0/lib/libwayland-cursor.so.0.22.0
7f732e085000-7f732e086000 r--p 00004000 08:12 23336502                   /nix/store/2kl8zy4yql419zsywn9q65hrp4fsjnj2-wayland-1.22.0/lib/libwayland-cursor.so.0.22.0
7f732e086000-7f732e087000 r--p 00004000 08:12 23336502                   /nix/store/2kl8zy4yql419zsywn9q65hrp4fsjnj2-wayland-1.22.0/lib/libwayland-cursor.so.0.22.0
7f732e087000-7f732e08b000 rw-p 00005000 08:12 23336502                   /nix/store/2kl8zy4yql419zsywn9q65hrp4fsjnj2-wayland-1.22.0/lib/libwayland-cursor.so.0.22.0
7f732e08b000-7f732e091000 rw-p 00000000 00:00 0 
7f732e091000-7f732e092000 r--p 00000000 08:12 22295405                   /nix/store/p3ffjixpnfgkqh20nsrc13vrj3yfi0nj-gcc-13.2.0-lib/lib/libssp.so.0.0.0
7f732e092000-7f732e093000 r-xp 00001000 08:12 22295405                   /nix/store/p3ffjixpnfgkqh20nsrc13vrj3yfi0nj-gcc-13.2.0-lib/lib/libssp.so.0.0.0
7f732e093000-7f732e094000 r--p 00002000 08:12 22295405                   /nix/store/p3ffjixpnfgkqh20nsrc13vrj3yfi0nj-gcc-13.2.0-lib/lib/libssp.so.0.0.0
7f732e094000-7f732e095000 r--p 00002000 08:12 22295405                   /nix/store/p3ffjixpnfgkqh20nsrc13vrj3yfi0nj-gcc-13.2.0-lib/lib/libssp.so.0.0.0
7f732e095000-7f732e096000 rw-p 00003000 08:12 22295405                   /nix/store/p3ffjixpnfgkqh20nsrc13vrj3yfi0nj-gcc-13.2.0-lib/lib/libssp.so.0.0.0
7f732e096000-7f732e097000 r--p 00000000 08:12 22694865                   /nix/store/qa2j4ql5vb7n1zyi8ai5acivsjkg0l8m-brotli-1.1.0-lib/lib/libbrotlicommon.so.1.1.0
7f732e097000-7f732e098000 r-xp 00001000 08:12 22694865                   /nix/store/qa2j4ql5vb7n1zyi8ai5acivsjkg0l8m-brotli-1.1.0-lib/lib/libbrotlicommon.so.1.1.0
7f732e098000-7f732e0b7000 r--p 00002000 08:12 22694865                   /nix/store/qa2j4ql5vb7n1zyi8ai5acivsjkg0l8m-brotli-1.1.0-lib/lib/libbrotlicommon.so.1.1.0
7f732e0b7000-7f732e0b8000 r--p 00021000 08:12 22694865                   /nix/store/qa2j4ql5vb7n1zyi8ai5acivsjkg0l8m-brotli-1.1.0-lib/lib/libbrotlicommon.so.1.1.0
7f732e0b8000-7f732e0b9000 rw-p 00022000 08:12 22694865                   /nix/store/qa2j4ql5vb7n1zyi8ai5acivsjkg0l8m-brotli-1.1.0-lib/lib/libbrotlicommon.so.1.1.0
7f732e0b9000-7f732e0e2000 r--p 00000000 08:12 24918880                   /nix/store/9s4j3pyqc4rczkab6xzczf5nzxa1kwib-ORBit2-2.14.19/lib/libORBit-2.so.0.1.0
7f732e0e2000-7f732e106000 r-xp 00029000 08:12 24918880                   /nix/store/9s4j3pyqc4rczkab6xzczf5nzxa1kwib-ORBit2-2.14.19/lib/libORBit-2.so.0.1.0
7f732e106000-7f732e119000 r--p 0004d000 08:12 24918880                   /nix/store/9s4j3pyqc4rczkab6xzczf5nzxa1kwib-ORBit2-2.14.19/lib/libORBit-2.so.0.1.0
7f732e119000-7f732e129000 r--p 00060000 08:12 24918880                   /nix/store/9s4j3pyqc4rczkab6xzczf5nzxa1kwib-ORBit2-2.14.19/lib/libORBit-2.so.0.1.0
7f732e129000-7f732e12b000 rw-p 00070000 08:12 24918880                   /nix/store/9s4j3pyqc4rczkab6xzczf5nzxa1kwib-ORBit2-2.14.19/lib/libORBit-2.so.0.1.0
7f732e12b000-7f732e12e000 rw-p 00000000 00:00 0 
7f732e12e000-7f732e12f000 r--p 00000000 08:12 25300025                   /nix/store/grviwayd7m8zfv8vmhxglmacyb18vgvl-avahi-0.8/lib/libavahi-glib.so.1.0.2
7f732e12f000-7f732e130000 r-xp 00001000 08:12 25300025                   /nix/store/grviwayd7m8zfv8vmhxglmacyb18vgvl-avahi-0.8/lib/libavahi-glib.so.1.0.2
7f732e130000-7f732e131000 r--p 00002000 08:12 25300025                   /nix/store/grviwayd7m8zfv8vmhxglmacyb18vgvl-avahi-0.8/lib/libavahi-glib.so.1.0.2
7f732e131000-7f732e132000 r--p 00002000 08:12 25300025                   /nix/store/grviwayd7m8zfv8vmhxglmacyb18vgvl-avahi-0.8/lib/libavahi-glib.so.1.0.2
7f732e132000-7f732e133000 rw-p 00003000 08:12 25300025                   /nix/store/grviwayd7m8zfv8vmhxglmacyb18vgvl-avahi-0.8/lib/libavahi-glib.so.1.0.2
7f732e133000-7f732e153000 r--p 00000000 08:12 22415497                   /nix/store/8f10pxi30lvkdjrkzfw5gzz4rzia8163-openssl-3.0.13/lib/libssl.so.3
7f732e153000-7f732e1b4000 r-xp 00020000 08:12 22415497                   /nix/store/8f10pxi30lvkdjrkzfw5gzz4rzia8163-openssl-3.0.13/lib/libssl.so.3
7f732e1b4000-7f732e1d3000 r--p 00081000 08:12 22415497                   /nix/store/8f10pxi30lvkdjrkzfw5gzz4rzia8163-openssl-3.0.13/lib/libssl.so.3
7f732e1d3000-7f732e1dd000 r--p 0009f000 08:12 22415497                   /nix/store/8f10pxi30lvkdjrkzfw5gzz4rzia8163-openssl-3.0.13/lib/libssl.so.3
7f732e1dd000-7f732e1e1000 rw-p 000a9000 08:12 22415497                   /nix/store/8f10pxi30lvkdjrkzfw5gzz4rzia8163-openssl-3.0.13/lib/libssl.so.3
7f732e1e1000-7f732e1f0000 r--p 00000000 08:12 25040466                   /nix/store/1rlvyrvqjq6j5l509k2bfgp6yipa1bdn-dbus-1.14.10-lib/lib/libdbus-1.so.3.32.4
7f732e1f0000-7f732e220000 r-xp 0000f000 08:12 25040466                   /nix/store/1rlvyrvqjq6j5l509k2bfgp6yipa1bdn-dbus-1.14.10-lib/lib/libdbus-1.so.3.32.4
7f732e220000-7f732e235000 r--p 0003f000 08:12 25040466                   /nix/store/1rlvyrvqjq6j5l509k2bfgp6yipa1bdn-dbus-1.14.10-lib/lib/libdbus-1.so.3.32.4
7f732e235000-7f732e237000 r--p 00053000 08:12 25040466                   /nix/store/1rlvyrvqjq6j5l509k2bfgp6yipa1bdn-dbus-1.14.10-lib/lib/libdbus-1.so.3.32.4
7f732e237000-7f732e238000 rw-p 00055000 08:12 25040466                   /nix/store/1rlvyrvqjq6j5l509k2bfgp6yipa1bdn-dbus-1.14.10-lib/lib/libdbus-1.so.3.32.4
7f732e238000-7f732e242000 r--p 00000000 08:12 25299356                   /nix/store/s7p1si8l512qls4w2zlyayrspzfjmpi3-dbus-glib-0.112/lib/libdbus-glib-1.so.2.3.5
7f732e242000-7f732e258000 r-xp 0000a000 08:12 25299356                   /nix/store/s7p1si8l512qls4w2zlyayrspzfjmpi3-dbus-glib-0.112/lib/libdbus-glib-1.so.2.3.5
7f732e258000-7f732e261000 r--p 00020000 08:12 25299356                   /nix/store/s7p1si8l512qls4w2zlyayrspzfjmpi3-dbus-glib-0.112/lib/libdbus-glib-1.so.2.3.5
7f732e261000-7f732e263000 r--p 00029000 08:12 25299356                   /nix/store/s7p1si8l512qls4w2zlyayrspzfjmpi3-dbus-glib-0.112/lib/libdbus-glib-1.so.2.3.5
7f732e263000-7f732e264000 rw-p 0002b000 08:12 25299356                   /nix/store/s7p1si8l512qls4w2zlyayrspzfjmpi3-dbus-glib-0.112/lib/libdbus-glib-1.so.2.3.5
7f732e264000-7f732e298000 r--p 00000000 08:12 22414742                   /nix/store/dyp7mrhrarzilxxia7xxx4z14rzbd016-libxml2-2.12.6/lib/libxml2.so.2.12.6
7f732e298000-7f732e371000 r-xp 00034000 08:12 22414742                   /nix/store/dyp7mrhrarzilxxia7xxx4z14rzbd016-libxml2-2.12.6/lib/libxml2.so.2.12.6
7f732e371000-7f732e3b7000 r--p 0010d000 08:12 22414742                   /nix/store/dyp7mrhrarzilxxia7xxx4z14rzbd016-libxml2-2.12.6/lib/libxml2.so.2.12.6
7f732e3b7000-7f732e3c2000 r--p 00152000 08:12 22414742                   /nix/store/dyp7mrhrarzilxxia7xxx4z14rzbd016-libxml2-2.12.6/lib/libxml2.so.2.12.6
7f732e3c2000-7f732e3c3000 rw-p 0015d000 08:12 22414742                   /nix/store/dyp7mrhrarzilxxia7xxx4z14rzbd016-libxml2-2.12.6/lib/libxml2.so.2.12.6
7f732e3c3000-7f732e3c4000 rw-p 00000000 00:00 0 
7f732e3c4000-7f732e3c5000 r--p 00000000 08:12 24919434                   /nix/store/bcms6vbac6jyffwyj8y630brpy1il4ks-glib-2.80.0/lib/libgthread-2.0.so.0.8000.0
7f732e3c5000-7f732e3c6000 r-xp 00001000 08:12 24919434                   /nix/store/bcms6vbac6jyffwyj8y630brpy1il4ks-glib-2.80.0/lib/libgthread-2.0.so.0.8000.0
7f732e3c6000-7f732e3c7000 r--p 00002000 08:12 24919434                   /nix/store/bcms6vbac6jyffwyj8y630brpy1il4ks-glib-2.80.0/lib/libgthread-2.0.so.0.8000.0
7f732e3c7000-7f732e3c8000 r--p 00002000 08:12 24919434                   /nix/store/bcms6vbac6jyffwyj8y630brpy1il4ks-glib-2.80.0/lib/libgthread-2.0.so.0.8000.0
7f732e3c8000-7f732e3c9000 rw-p 00003000 08:12 24919434                   /nix/store/bcms6vbac6jyffwyj8y630brpy1il4ks-glib-2.80.0/lib/libgthread-2.0.so.0.8000.0
7f732e3c9000-7f732e3d1000 r--p 00000000 08:12 27001064                   /nix/store/d0amq09n85152751g6zspl60mrjbadvz-libselinux-3.6/lib/libselinux.so.1
7f732e3d1000-7f732e3ee000 r-xp 00008000 08:12 27001064                   /nix/store/d0amq09n85152751g6zspl60mrjbadvz-libselinux-3.6/lib/libselinux.so.1
7f732e3ee000-7f732e3f6000 r--p 00025000 08:12 27001064                   /nix/store/d0amq09n85152751g6zspl60mrjbadvz-libselinux-3.6/lib/libselinux.so.1
7f732e3f6000-7f732e3f7000 r--p 0002d000 08:12 27001064                   /nix/store/d0amq09n85152751g6zspl60mrjbadvz-libselinux-3.6/lib/libselinux.so.1
7f732e3f7000-7f732e3f8000 rw-p 0002e000 08:12 27001064                   /nix/store/d0amq09n85152751g6zspl60mrjbadvz-libselinux-3.6/lib/libselinux.so.1
7f732e3f8000-7f732e3fa000 rw-p 00000000 00:00 0 
7f732e3fa000-7f732e407000 r--p 00000000 08:12 22413603                   /nix/store/xs3y3icbd26gxr617m1alhjba12pkm92-util-linux-minimal-2.39.3-lib/lib/libmount.so.1.1.0
7f732e407000-7f732e450000 r-xp 0000d000 08:12 22413603                   /nix/store/xs3y3icbd26gxr617m1alhjba12pkm92-util-linux-minimal-2.39.3-lib/lib/libmount.so.1.1.0
7f732e450000-7f732e466000 r--p 00056000 08:12 22413603                   /nix/store/xs3y3icbd26gxr617m1alhjba12pkm92-util-linux-minimal-2.39.3-lib/lib/libmount.so.1.1.0
7f732e466000-7f732e469000 r--p 0006c000 08:12 22413603                   /nix/store/xs3y3icbd26gxr617m1alhjba12pkm92-util-linux-minimal-2.39.3-lib/lib/libmount.so.1.1.0
7f732e469000-7f732e46a000 rw-p 0006f000 08:12 22413603                   /nix/store/xs3y3icbd26gxr617m1alhjba12pkm92-util-linux-minimal-2.39.3-lib/lib/libmount.so.1.1.0
7f732e46a000-7f732e46c000 r--p 00000000 08:12 24925016                   /nix/store/5qfaigrq13k1fkyvzzdzdwj7c4iiyayr-libXfixes-6.0.1/lib/libXfixes.so.3.1.0
7f732e46c000-7f732e46f000 r-xp 00002000 08:12 24925016                   /nix/store/5qfaigrq13k1fkyvzzdzdwj7c4iiyayr-libXfixes-6.0.1/lib/libXfixes.so.3.1.0
7f732e46f000-7f732e470000 r--p 00005000 08:12 24925016                   /nix/store/5qfaigrq13k1fkyvzzdzdwj7c4iiyayr-libXfixes-6.0.1/lib/libXfixes.so.3.1.0
7f732e470000-7f732e471000 r--p 00006000 08:12 24925016                   /nix/store/5qfaigrq13k1fkyvzzdzdwj7c4iiyayr-libXfixes-6.0.1/lib/libXfixes.so.3.1.0
7f732e471000-7f732e472000 rw-p 00007000 08:12 24925016                   /nix/store/5qfaigrq13k1fkyvzzdzdwj7c4iiyayr-libXfixes-6.0.1/lib/libXfixes.so.3.1.0
7f732e472000-7f732e48d000 r--p 00000000 08:12 25311384                   /nix/store/qx2bqn7yqwky7gcrypj871yqxcwnndrd-tracker-3.7.2/lib/libtracker-sparql-3.0.so.0.702.0
7f732e48d000-7f732e500000 r-xp 0001b000 08:12 25311384                   /nix/store/qx2bqn7yqwky7gcrypj871yqxcwnndrd-tracker-3.7.2/lib/libtracker-sparql-3.0.so.0.702.0
7f732e500000-7f732e53e000 r--p 0008e000 08:12 25311384                   /nix/store/qx2bqn7yqwky7gcrypj871yqxcwnndrd-tracker-3.7.2/lib/libtracker-sparql-3.0.so.0.702.0
7f732e53e000-7f732e54c000 r--p 000cc000 08:12 25311384                   /nix/store/qx2bqn7yqwky7gcrypj871yqxcwnndrd-tracker-3.7.2/lib/libtracker-sparql-3.0.so.0.702.0
7f732e54c000-7f732e54d000 rw-p 000da000 08:12 25311384                   /nix/store/qx2bqn7yqwky7gcrypj871yqxcwnndrd-tracker-3.7.2/lib/libtracker-sparql-3.0.so.0.702.0
7f732e54d000-7f732e55b000 r--p 00000000 08:12 25299701                   /nix/store/crn8y4dlsnr4883wkik37xwiqhkckgjd-at-spi2-core-2.52.0/lib/libatk-bridge-2.0.so.0.0.0
7f732e55b000-7f732e573000 r-xp 0000e000 08:12 25299701                   /nix/store/crn8y4dlsnr4883wkik37xwiqhkckgjd-at-spi2-core-2.52.0/lib/libatk-bridge-2.0.so.0.0.0
7f732e573000-7f732e588000 r--p 00026000 08:12 25299701                   /nix/store/crn8y4dlsnr4883wkik37xwiqhkckgjd-at-spi2-core-2.52.0/lib/libatk-bridge-2.0.so.0.0.0
7f732e588000-7f732e58a000 r--p 0003a000 08:12 25299701                   /nix/store/crn8y4dlsnr4883wkik37xwiqhkckgjd-at-spi2-core-2.52.0/lib/libatk-bridge-2.0.so.0.0.0
7f732e58a000-7f732e58c000 rw-p 0003c000 08:12 25299701                   /nix/store/crn8y4dlsnr4883wkik37xwiqhkckgjd-at-spi2-core-2.52.0/lib/libatk-bridge-2.0.so.0.0.0
7f732e58c000-7f732e58f000 r--p 00000000 08:12 24773384                   /nix/store/83fywhh4p1bw1df21kjkiqs4dq24f6j7-libXi-1.8.1/lib/libXi.so.6.1.0
7f732e58f000-7f732e59b000 r-xp 00003000 08:12 24773384                   /nix/store/83fywhh4p1bw1df21kjkiqs4dq24f6j7-libXi-1.8.1/lib/libXi.so.6.1.0
7f732e59b000-7f732e59e000 r--p 0000f000 08:12 24773384                   /nix/store/83fywhh4p1bw1df21kjkiqs4dq24f6j7-libXi-1.8.1/lib/libXi.so.6.1.0
7f732e59e000-7f732e59f000 r--p 00011000 08:12 24773384                   /nix/store/83fywhh4p1bw1df21kjkiqs4dq24f6j7-libXi-1.8.1/lib/libXi.so.6.1.0
7f732e59f000-7f732e5a0000 rw-p 00012000 08:12 24773384                   /nix/store/83fywhh4p1bw1df21kjkiqs4dq24f6j7-libXi-1.8.1/lib/libXi.so.6.1.0
7f732e5a0000-7f732e605000 r--p 00000000 08:12 24912904                   /nix/store/bj4n4zvqgki70804p5rbxsyxfavic702-libepoxy-1.5.10/lib/libepoxy.so.0.0.0
7f732e605000-7f732e669000 r-xp 00065000 08:12 24912904                   /nix/store/bj4n4zvqgki70804p5rbxsyxfavic702-libepoxy-1.5.10/lib/libepoxy.so.0.0.0
7f732e669000-7f732e6c6000 r--p 000c9000 08:12 24912904                   /nix/store/bj4n4zvqgki70804p5rbxsyxfavic702-libepoxy-1.5.10/lib/libepoxy.so.0.0.0
7f732e6c6000-7f732e6ce000 r--p 00126000 08:12 24912904                   /nix/store/bj4n4zvqgki70804p5rbxsyxfavic702-libepoxy-1.5.10/lib/libepoxy.so.0.0.0
7f732e6ce000-7f732e6d5000 rw-p 0012e000 08:12 24912904                   /nix/store/bj4n4zvqgki70804p5rbxsyxfavic702-libepoxy-1.5.10/lib/libepoxy.so.0.0.0
7f732e6d5000-7f732e6e0000 r--p 00000000 08:12 25297485                   /nix/store/crn8y4dlsnr4883wkik37xwiqhkckgjd-at-spi2-core-2.52.0/lib/libatk-1.0.so.0.25209.1
7f732e6e0000-7f732e6ee000 r-xp 0000b000 08:12 25297485                   /nix/store/crn8y4dlsnr4883wkik37xwiqhkckgjd-at-spi2-core-2.52.0/lib/libatk-1.0.so.0.25209.1
7f732e6ee000-7f732e6fa000 r--p 00019000 08:12 25297485                   /nix/store/crn8y4dlsnr4883wkik37xwiqhkckgjd-at-spi2-core-2.52.0/lib/libatk-1.0.so.0.25209.1
7f732e6fa000-7f732e6fd000 r--p 00024000 08:12 25297485                   /nix/store/crn8y4dlsnr4883wkik37xwiqhkckgjd-at-spi2-core-2.52.0/lib/libatk-1.0.so.0.25209.1
7f732e6fd000-7f732e6fe000 rw-p 00027000 08:12 25297485                   /nix/store/crn8y4dlsnr4883wkik37xwiqhkckgjd-at-spi2-core-2.52.0/lib/libatk-1.0.so.0.25209.1
7f732e6fe000-7f732e706000 r--p 00000000 08:12 24915719                   /nix/store/yjbylaafw9k35w0k64042f7l1x70dlxa-gdk-pixbuf-2.42.11/lib/libgdk_pixbuf-2.0.so.0.4200.11
7f732e706000-7f732e71f000 r-xp 00008000 08:12 24915719                   /nix/store/yjbylaafw9k35w0k64042f7l1x70dlxa-gdk-pixbuf-2.42.11/lib/libgdk_pixbuf-2.0.so.0.4200.11
7f732e71f000-7f732e729000 r--p 00021000 08:12 24915719                   /nix/store/yjbylaafw9k35w0k64042f7l1x70dlxa-gdk-pixbuf-2.42.11/lib/libgdk_pixbuf-2.0.so.0.4200.11
7f732e729000-7f732e72a000 r--p 0002b000 08:12 24915719                   /nix/store/yjbylaafw9k35w0k64042f7l1x70dlxa-gdk-pixbuf-2.42.11/lib/libgdk_pixbuf-2.0.so.0.4200.11
7f732e72a000-7f732e72b000 rw-p 0002c000 08:12 24915719                   /nix/store/yjbylaafw9k35w0k64042f7l1x70dlxa-gdk-pixbuf-2.42.11/lib/libgdk_pixbuf-2.0.so.0.4200.11
7f732e72b000-7f732e72f000 r--p 00000000 08:12 24911668                   /nix/store/vwnyxi3dqrygyshldlx85mz7cdfn8nxf-cairo-1.18.0/lib/libcairo-gobject.so.2.11800.0
7f732e72f000-7f732e731000 r-xp 00004000 08:12 24911668                   /nix/store/vwnyxi3dqrygyshldlx85mz7cdfn8nxf-cairo-1.18.0/lib/libcairo-gobject.so.2.11800.0
7f732e731000-7f732e733000 r--p 00006000 08:12 24911668                   /nix/store/vwnyxi3dqrygyshldlx85mz7cdfn8nxf-cairo-1.18.0/lib/libcairo-gobject.so.2.11800.0
7f732e733000-7f732e735000 r--p 00008000 08:12 24911668                   /nix/store/vwnyxi3dqrygyshldlx85mz7cdfn8nxf-cairo-1.18.0/lib/libcairo-gobject.so.2.11800.0
7f732e735000-7f732e736000 rw-p 0000a000 08:12 24911668                   /nix/store/vwnyxi3dqrygyshldlx85mz7cdfn8nxf-cairo-1.18.0/lib/libcairo-gobject.so.2.11800.0
7f732e736000-7f732e738000 r--p 00000000 08:12 26349242                   /nix/store/7cyflwk1s3ha14b7k6b0i2dmj8ws7x6s-fribidi-1.0.13/lib/libfribidi.so.0.4.0
7f732e738000-7f732e73d000 r-xp 00002000 08:12 26349242                   /nix/store/7cyflwk1s3ha14b7k6b0i2dmj8ws7x6s-fribidi-1.0.13/lib/libfribidi.so.0.4.0
7f732e73d000-7f732e754000 r--p 00007000 08:12 26349242                   /nix/store/7cyflwk1s3ha14b7k6b0i2dmj8ws7x6s-fribidi-1.0.13/lib/libfribidi.so.0.4.0
7f732e754000-7f732e755000 r--p 0001d000 08:12 26349242                   /nix/store/7cyflwk1s3ha14b7k6b0i2dmj8ws7x6s-fribidi-1.0.13/lib/libfribidi.so.0.4.0
7f732e755000-7f732e756000 rw-p 0001e000 08:12 26349242                   /nix/store/7cyflwk1s3ha14b7k6b0i2dmj8ws7x6s-fribidi-1.0.13/lib/libfribidi.so.0.4.0
7f732e756000-7f732e75e000 r--p 00000000 08:12 24914553                   /nix/store/163ljimsj0si4s6iarc4qmnrkxfxyxhx-pango-1.52.2/lib/libpangoft2-1.0.so.0.5200.2
7f732e75e000-7f732e769000 r-xp 00008000 08:12 24914553                   /nix/store/163ljimsj0si4s6iarc4qmnrkxfxyxhx-pango-1.52.2/lib/libpangoft2-1.0.so.0.5200.2
7f732e769000-7f732e76d000 r--p 00013000 08:12 24914553                   /nix/store/163ljimsj0si4s6iarc4qmnrkxfxyxhx-pango-1.52.2/lib/libpangoft2-1.0.so.0.5200.2
7f732e76d000-7f732e76e000 r--p 00017000 08:12 24914553                   /nix/store/163ljimsj0si4s6iarc4qmnrkxfxyxhx-pango-1.52.2/lib/libpangoft2-1.0.so.0.5200.2
7f732e76e000-7f732e76f000 rw-p 00018000 08:12 24914553                   /nix/store/163ljimsj0si4s6iarc4qmnrkxfxyxhx-pango-1.52.2/lib/libpangoft2-1.0.so.0.5200.2
7f732e76f000-7f732e784000 r--p 00000000 08:12 24911691                   /nix/store/vwnyxi3dqrygyshldlx85mz7cdfn8nxf-cairo-1.18.0/lib/libcairo.so.2.11800.0
7f732e784000-7f732e86b000 r-xp 00015000 08:12 24911691                   /nix/store/vwnyxi3dqrygyshldlx85mz7cdfn8nxf-cairo-1.18.0/lib/libcairo.so.2.11800.0
7f732e86b000-7f732e8ad000 r--p 000fc000 08:12 24911691                   /nix/store/vwnyxi3dqrygyshldlx85mz7cdfn8nxf-cairo-1.18.0/lib/libcairo.so.2.11800.0
7f732e8ad000-7f732e8b1000 r--p 0013e000 08:12 24911691                   /nix/store/vwnyxi3dqrygyshldlx85mz7cdfn8nxf-cairo-1.18.0/lib/libcairo.so.2.11800.0
7f732e8b1000-7f732e8b3000 rw-p 00142000 08:12 24911691                   /nix/store/vwnyxi3dqrygyshldlx85mz7cdfn8nxf-cairo-1.18.0/lib/libcairo.so.2.11800.0
7f732e8b3000-7f732e8b4000 rw-p 00000000 00:00 0 
7f732e8b4000-7f732e8c1000 r--p 00000000 08:12 24926245                   /nix/store/3058213v7kg1r0c7hrz4qyda2impjv5a-harfbuzz-8.4.0/lib/libharfbuzz.so.0.60840.0
7f732e8c1000-7f732e9a7000 r-xp 0000d000 08:12 24926245                   /nix/store/3058213v7kg1r0c7hrz4qyda2impjv5a-harfbuzz-8.4.0/lib/libharfbuzz.so.0.60840.0
7f732e9a7000-7f732e9e3000 r--p 000f3000 08:12 24926245                   /nix/store/3058213v7kg1r0c7hrz4qyda2impjv5a-harfbuzz-8.4.0/lib/libharfbuzz.so.0.60840.0
7f732e9e3000-7f732e9e4000 r--p 0012f000 08:12 24926245                   /nix/store/3058213v7kg1r0c7hrz4qyda2impjv5a-harfbuzz-8.4.0/lib/libharfbuzz.so.0.60840.0
7f732e9e4000-7f732e9e5000 rw-p 00130000 08:12 24926245                   /nix/store/3058213v7kg1r0c7hrz4qyda2impjv5a-harfbuzz-8.4.0/lib/libharfbuzz.so.0.60840.0
7f732e9e5000-7f732e9f9000 r--p 00000000 08:12 24911497                   /nix/store/163ljimsj0si4s6iarc4qmnrkxfxyxhx-pango-1.52.2/lib/libpango-1.0.so.0.5200.2
7f732e9f9000-7f732ea31000 r-xp 00014000 08:12 24911497                   /nix/store/163ljimsj0si4s6iarc4qmnrkxfxyxhx-pango-1.52.2/lib/libpango-1.0.so.0.5200.2
7f732ea31000-7f732ea4d000 r--p 0004c000 08:12 24911497                   /nix/store/163ljimsj0si4s6iarc4qmnrkxfxyxhx-pango-1.52.2/lib/libpango-1.0.so.0.5200.2
7f732ea4d000-7f732ea51000 r--p 00067000 08:12 24911497                   /nix/store/163ljimsj0si4s6iarc4qmnrkxfxyxhx-pango-1.52.2/lib/libpango-1.0.so.0.5200.2
7f732ea51000-7f732ea52000 rw-p 0006b000 08:12 24911497                   /nix/store/163ljimsj0si4s6iarc4qmnrkxfxyxhx-pango-1.52.2/lib/libpango-1.0.so.0.5200.2
7f732ea52000-7f732ea57000 r--p 00000000 08:12 24914515                   /nix/store/163ljimsj0si4s6iarc4qmnrkxfxyxhx-pango-1.52.2/lib/libpangocairo-1.0.so.0.5200.2
7f732ea57000-7f732ea5e000 r-xp 00005000 08:12 24914515                   /nix/store/163ljimsj0si4s6iarc4qmnrkxfxyxhx-pango-1.52.2/lib/libpangocairo-1.0.so.0.5200.2
7f732ea5e000-7f732ea61000 r--p 0000c000 08:12 24914515                   /nix/store/163ljimsj0si4s6iarc4qmnrkxfxyxhx-pango-1.52.2/lib/libpangocairo-1.0.so.0.5200.2
7f732ea61000-7f732ea62000 r--p 0000e000 08:12 24914515                   /nix/store/163ljimsj0si4s6iarc4qmnrkxfxyxhx-pango-1.52.2/lib/libpangocairo-1.0.so.0.5200.2
7f732ea62000-7f732ea63000 rw-p 0000f000 08:12 24914515                   /nix/store/163ljimsj0si4s6iarc4qmnrkxfxyxhx-pango-1.52.2/lib/libpangocairo-1.0.so.0.5200.2
7f732ea63000-7f732ea85000 r--p 00000000 08:12 24919202                   /nix/store/bcms6vbac6jyffwyj8y630brpy1il4ks-glib-2.80.0/lib/libglib-2.0.so.0.8000.0
7f732ea85000-7f732eb1e000 r-xp 00022000 08:12 24919202                   /nix/store/bcms6vbac6jyffwyj8y630brpy1il4ks-glib-2.80.0/lib/libglib-2.0.so.0.8000.0
7f732eb1e000-7f732ebab000 r--p 000bb000 08:12 24919202                   /nix/store/bcms6vbac6jyffwyj8y630brpy1il4ks-glib-2.80.0/lib/libglib-2.0.so.0.8000.0
7f732ebab000-7f732ebac000 r--p 00148000 08:12 24919202                   /nix/store/bcms6vbac6jyffwyj8y630brpy1il4ks-glib-2.80.0/lib/libglib-2.0.so.0.8000.0
7f732ebac000-7f732ebad000 rw-p 00149000 08:12 24919202                   /nix/store/bcms6vbac6jyffwyj8y630brpy1il4ks-glib-2.80.0/lib/libglib-2.0.so.0.8000.0
7f732ebad000-7f732ebae000 rw-p 00000000 00:00 0 
7f732ebae000-7f732ebdd000 r--p 00000000 08:12 26477602                   /nix/store/nx27cp48ylj2bmrf1r72ncl3pcq7w5df-gtk+3-3.24.41/lib/libgdk-3.so.0.2409.32
7f732ebdd000-7f732ec5f000 r-xp 0002f000 08:12 26477602                   /nix/store/nx27cp48ylj2bmrf1r72ncl3pcq7w5df-gtk+3-3.24.41/lib/libgdk-3.so.0.2409.32
7f732ec5f000-7f732ecaf000 r--p 000b1000 08:12 26477602                   /nix/store/nx27cp48ylj2bmrf1r72ncl3pcq7w5df-gtk+3-3.24.41/lib/libgdk-3.so.0.2409.32
7f732ecaf000-7f732ecb8000 r--p 00101000 08:12 26477602                   /nix/store/nx27cp48ylj2bmrf1r72ncl3pcq7w5df-gtk+3-3.24.41/lib/libgdk-3.so.0.2409.32
7f732ecb8000-7f732ecba000 rw-p 0010a000 08:12 26477602                   /nix/store/nx27cp48ylj2bmrf1r72ncl3pcq7w5df-gtk+3-3.24.41/lib/libgdk-3.so.0.2409.32
7f732ecba000-7f732ecbb000 rw-p 00000000 00:00 0 
7f732ecbb000-7f732ecd9000 r--p 00000000 08:12 24923404                   /nix/store/h0aal69rli3p604dmijx7mps1diwx4f3-libX11-1.8.9/lib/libX11.so.6.4.0
7f732ecd9000-7f732ed65000 r-xp 0001e000 08:12 24923404                   /nix/store/h0aal69rli3p604dmijx7mps1diwx4f3-libX11-1.8.9/lib/libX11.so.6.4.0
7f732ed65000-7f732edfa000 r--p 000aa000 08:12 24923404                   /nix/store/h0aal69rli3p604dmijx7mps1diwx4f3-libX11-1.8.9/lib/libX11.so.6.4.0
7f732edfa000-7f732edfb000 r--p 0013f000 08:12 24923404                   /nix/store/h0aal69rli3p604dmijx7mps1diwx4f3-libX11-1.8.9/lib/libX11.so.6.4.0
7f732edfb000-7f732ee00000 rw-p 00140000 08:12 24923404                   /nix/store/h0aal69rli3p604dmijx7mps1diwx4f3-libX11-1.8.9/lib/libX11.so.6.4.0
7f732ee00000-7f732ee3b000 r--p 00000000 08:12 22696790                   /nix/store/a8j5yhyqcqahvrm6p99gkqs1yjmv9wcn-gnutls-3.8.5/lib/libgnutls.so.30.39.0
7f732ee3b000-7f732ef6e000 r-xp 0003b000 08:12 22696790                   /nix/store/a8j5yhyqcqahvrm6p99gkqs1yjmv9wcn-gnutls-3.8.5/lib/libgnutls.so.30.39.0
7f732ef6e000-7f732f009000 r--p 0016e000 08:12 22696790                   /nix/store/a8j5yhyqcqahvrm6p99gkqs1yjmv9wcn-gnutls-3.8.5/lib/libgnutls.so.30.39.0
7f732f009000-7f732f01a000 r--p 00209000 08:12 22696790                   /nix/store/a8j5yhyqcqahvrm6p99gkqs1yjmv9wcn-gnutls-3.8.5/lib/libgnutls.so.30.39.0
7f732f01a000-7f732f01c000 rw-p 0021a000 08:12 22696790                   /nix/store/a8j5yhyqcqahvrm6p99gkqs1yjmv9wcn-gnutls-3.8.5/lib/libgnutls.so.30.39.0
7f732f01c000-7f732f020000 rw-p 00000000 00:00 0 
7f732f020000-7f732f021000 ---p 00000000 00:00 0 
7f732f021000-7f732f029000 rw-p 00000000 00:00 0 
7f732f029000-7f732f039000 r--p 00000000 08:12 24919408                   /nix/store/bcms6vbac6jyffwyj8y630brpy1il4ks-glib-2.80.0/lib/libgobject-2.0.so.0.8000.0
7f732f039000-7f732f06e000 r-xp 00010000 08:12 24919408                   /nix/store/bcms6vbac6jyffwyj8y630brpy1il4ks-glib-2.80.0/lib/libgobject-2.0.so.0.8000.0
7f732f06e000-7f732f089000 r--p 00045000 08:12 24919408                   /nix/store/bcms6vbac6jyffwyj8y630brpy1il4ks-glib-2.80.0/lib/libgobject-2.0.so.0.8000.0
7f732f089000-7f732f08c000 r--p 0005f000 08:12 24919408                   /nix/store/bcms6vbac6jyffwyj8y630brpy1il4ks-glib-2.80.0/lib/libgobject-2.0.so.0.8000.0
7f732f08c000-7f732f08d000 rw-p 00062000 08:12 24919408                   /nix/store/bcms6vbac6jyffwyj8y630brpy1il4ks-glib-2.80.0/lib/libgobject-2.0.so.0.8000.0
7f732f08d000-7f732f08f000 rw-p 00000000 00:00 0 
7f732f08f000-7f732f091000 r--p 00000000 08:12 24919372                   /nix/store/bcms6vbac6jyffwyj8y630brpy1il4ks-glib-2.80.0/lib/libgmodule-2.0.so.0.8000.0
7f732f091000-7f732f093000 r-xp 00002000 08:12 24919372                   /nix/store/bcms6vbac6jyffwyj8y630brpy1il4ks-glib-2.80.0/lib/libgmodule-2.0.so.0.8000.0
7f732f093000-7f732f094000 r--p 00004000 08:12 24919372                   /nix/store/bcms6vbac6jyffwyj8y630brpy1il4ks-glib-2.80.0/lib/libgmodule-2.0.so.0.8000.0
7f732f094000-7f732f095000 r--p 00004000 08:12 24919372                   /nix/store/bcms6vbac6jyffwyj8y630brpy1il4ks-glib-2.80.0/lib/libgmodule-2.0.so.0.8000.0
7f732f095000-7f732f096000 rw-p 00005000 08:12 24919372                   /nix/store/bcms6vbac6jyffwyj8y630brpy1il4ks-glib-2.80.0/lib/libgmodule-2.0.so.0.8000.0
7f732f096000-7f732f098000 rw-p 00000000 00:00 0 
7f732f098000-7f732f09a000 r--p 00000000 08:12 24926633                   /nix/store/7hg9q26kil1lc0aph6ipx4lhg7zilbvv-libXrender-0.9.11/lib/libXrender.so.1.3.0
7f732f09a000-7f732f0a1000 r-xp 00002000 08:12 24926633                   /nix/store/7hg9q26kil1lc0aph6ipx4lhg7zilbvv-libXrender-0.9.11/lib/libXrender.so.1.3.0
7f732f0a1000-7f732f0a3000 r--p 00009000 08:12 24926633                   /nix/store/7hg9q26kil1lc0aph6ipx4lhg7zilbvv-libXrender-0.9.11/lib/libXrender.so.1.3.0
7f732f0a3000-7f732f0a4000 r--p 0000a000 08:12 24926633                   /nix/store/7hg9q26kil1lc0aph6ipx4lhg7zilbvv-libXrender-0.9.11/lib/libXrender.so.1.3.0
7f732f0a4000-7f732f0a5000 rw-p 0000b000 08:12 24926633                   /nix/store/7hg9q26kil1lc0aph6ipx4lhg7zilbvv-libXrender-0.9.11/lib/libXrender.so.1.3.0
7f732f0a5000-7f732f0a9000 r--p 00000000 08:12 24926552                   /nix/store/pdikq8hwkj15d1jvlv48p98xn0xnn4dx-libXext-1.3.6/lib/libXext.so.6.4.0
7f732f0a9000-7f732f0b4000 r-xp 00004000 08:12 24926552                   /nix/store/pdikq8hwkj15d1jvlv48p98xn0xnn4dx-libXext-1.3.6/lib/libXext.so.6.4.0
7f732f0b4000-7f732f0b8000 r--p 0000f000 08:12 24926552                   /nix/store/pdikq8hwkj15d1jvlv48p98xn0xnn4dx-libXext-1.3.6/lib/libXext.so.6.4.0
7f732f0b8000-7f732f0b9000 r--p 00012000 08:12 24926552                   /nix/store/pdikq8hwkj15d1jvlv48p98xn0xnn4dx-libXext-1.3.6/lib/libXext.so.6.4.0
7f732f0b9000-7f732f0ba000 rw-p 00013000 08:12 24926552                   /nix/store/pdikq8hwkj15d1jvlv48p98xn0xnn4dx-libXext-1.3.6/lib/libXext.so.6.4.0
7f732f0ba000-7f732f0ca000 r--p 00000000 08:12 22154905                   /nix/store/apab5i73dqa09wx0q27b6fbhd1r18ihl-glibc-2.39-31/lib/libm.so.6
7f732f0ca000-7f732f141000 r-xp 00010000 08:12 22154905                   /nix/store/apab5i73dqa09wx0q27b6fbhd1r18ihl-glibc-2.39-31/lib/libm.so.6
7f732f141000-7f732f19b000 r--p 00087000 08:12 22154905                   /nix/store/apab5i73dqa09wx0q27b6fbhd1r18ihl-glibc-2.39-31/lib/libm.so.6
7f732f19b000-7f732f19c000 r--p 000e0000 08:12 22154905                   /nix/store/apab5i73dqa09wx0q27b6fbhd1r18ihl-glibc-2.39-31/lib/libm.so.6
7f732f19c000-7f732f19d000 rw-p 000e1000 08:12 22154905                   /nix/store/apab5i73dqa09wx0q27b6fbhd1r18ihl-glibc-2.39-31/lib/libm.so.6
7f732f19d000-7f732f19f000 rw-p 00000000 00:00 0 
7f732f19f000-7f732f1a3000 r--p 00000000 08:12 25299426                   /nix/store/grviwayd7m8zfv8vmhxglmacyb18vgvl-avahi-0.8/lib/libavahi-client.so.3.2.9
7f732f1a3000-7f732f1ac000 r-xp 00004000 08:12 25299426                   /nix/store/grviwayd7m8zfv8vmhxglmacyb18vgvl-avahi-0.8/lib/libavahi-client.so.3.2.9
7f732f1ac000-7f732f1b0000 r--p 0000d000 08:12 25299426                   /nix/store/grviwayd7m8zfv8vmhxglmacyb18vgvl-avahi-0.8/lib/libavahi-client.so.3.2.9
7f732f1b0000-7f732f1b1000 r--p 00011000 08:12 25299426                   /nix/store/grviwayd7m8zfv8vmhxglmacyb18vgvl-avahi-0.8/lib/libavahi-client.so.3.2.9
7f732f1b1000-7f732f1b2000 rw-p 00012000 08:12 25299426                   /nix/store/grviwayd7m8zfv8vmhxglmacyb18vgvl-avahi-0.8/lib/libavahi-client.so.3.2.9
7f732f1b2000-7f732f1b6000 r--p 00000000 08:12 25296993                   /nix/store/grviwayd7m8zfv8vmhxglmacyb18vgvl-avahi-0.8/lib/libavahi-common.so.3.5.4
7f732f1b6000-7f732f1bc000 r-xp 00004000 08:12 25296993                   /nix/store/grviwayd7m8zfv8vmhxglmacyb18vgvl-avahi-0.8/lib/libavahi-common.so.3.5.4
7f732f1bc000-7f732f1bf000 r--p 0000a000 08:12 25296993                   /nix/store/grviwayd7m8zfv8vmhxglmacyb18vgvl-avahi-0.8/lib/libavahi-common.so.3.5.4
7f732f1bf000-7f732f1c0000 r--p 0000d000 08:12 25296993                   /nix/store/grviwayd7m8zfv8vmhxglmacyb18vgvl-avahi-0.8/lib/libavahi-common.so.3.5.4
7f732f1c0000-7f732f1c1000 rw-p 0000e000 08:12 25296993                   /nix/store/grviwayd7m8zfv8vmhxglmacyb18vgvl-avahi-0.8/lib/libavahi-common.so.3.5.4
7f732f1c1000-7f732f1c5000 r--p 00000000 08:12 25954170                   /nix/store/5pmjcblff1k8vgqiv1xfyni5sp9w6hnd-expat-2.6.2/lib/libexpat.so.1.9.2
7f732f1c5000-7f732f1e1000 r-xp 00004000 08:12 25954170                   /nix/store/5pmjcblff1k8vgqiv1xfyni5sp9w6hnd-expat-2.6.2/lib/libexpat.so.1.9.2
7f732f1e1000-7f732f1e9000 r--p 00020000 08:12 25954170                   /nix/store/5pmjcblff1k8vgqiv1xfyni5sp9w6hnd-expat-2.6.2/lib/libexpat.so.1.9.2
7f732f1e9000-7f732f1eb000 r--p 00028000 08:12 25954170                   /nix/store/5pmjcblff1k8vgqiv1xfyni5sp9w6hnd-expat-2.6.2/lib/libexpat.so.1.9.2
7f732f1eb000-7f732f1ec000 rw-p 0002a000 08:12 25954170                   /nix/store/5pmjcblff1k8vgqiv1xfyni5sp9w6hnd-expat-2.6.2/lib/libexpat.so.1.9.2
7f732f1ec000-7f732f1f2000 r--p 00000000 08:12 26351008                   /nix/store/31l4c9kwx37gy2cr1xiswbbp4azsyp1n-libpng-apng-1.6.43/lib/libpng16.so.16.43.0
7f732f1f2000-7f732f217000 r-xp 00006000 08:12 26351008                   /nix/store/31l4c9kwx37gy2cr1xiswbbp4azsyp1n-libpng-apng-1.6.43/lib/libpng16.so.16.43.0
7f732f217000-7f732f223000 r--p 0002b000 08:12 26351008                   /nix/store/31l4c9kwx37gy2cr1xiswbbp4azsyp1n-libpng-apng-1.6.43/lib/libpng16.so.16.43.0
7f732f223000-7f732f224000 r--p 00036000 08:12 26351008                   /nix/store/31l4c9kwx37gy2cr1xiswbbp4azsyp1n-libpng-apng-1.6.43/lib/libpng16.so.16.43.0
7f732f224000-7f732f225000 rw-p 00037000 08:12 26351008                   /nix/store/31l4c9kwx37gy2cr1xiswbbp4azsyp1n-libpng-apng-1.6.43/lib/libpng16.so.16.43.0
7f732f225000-7f732f24d000 r--p 00000000 08:12 22155998                   /nix/store/apab5i73dqa09wx0q27b6fbhd1r18ihl-glibc-2.39-31/lib/libc.so.6
7f732f24d000-7f732f3a9000 r-xp 00028000 08:12 22155998                   /nix/store/apab5i73dqa09wx0q27b6fbhd1r18ihl-glibc-2.39-31/lib/libc.so.6
7f732f3a9000-7f732f3ff000 r--p 00184000 08:12 22155998                   /nix/store/apab5i73dqa09wx0q27b6fbhd1r18ihl-glibc-2.39-31/lib/libc.so.6
7f732f3ff000-7f732f403000 r--p 001d9000 08:12 22155998                   /nix/store/apab5i73dqa09wx0q27b6fbhd1r18ihl-glibc-2.39-31/lib/libc.so.6
7f732f403000-7f732f405000 rw-p 001dd000 08:12 22155998                   /nix/store/apab5i73dqa09wx0q27b6fbhd1r18ihl-glibc-2.39-31/lib/libc.so.6
7f732f405000-7f732f412000 rw-p 00000000 00:00 0 
7f732f412000-7f732f453000 r--p 00000000 08:12 24919327                   /nix/store/bcms6vbac6jyffwyj8y630brpy1il4ks-glib-2.80.0/lib/libgio-2.0.so.0.8000.0
7f732f453000-7f732f568000 r-xp 00041000 08:12 24919327                   /nix/store/bcms6vbac6jyffwyj8y630brpy1il4ks-glib-2.80.0/lib/libgio-2.0.so.0.8000.0
7f732f568000-7f732f5f4000 r--p 00156000 08:12 24919327                   /nix/store/bcms6vbac6jyffwyj8y630brpy1il4ks-glib-2.80.0/lib/libgio-2.0.so.0.8000.0
7f732f5f4000-7f732f5fd000 r--p 001e1000 08:12 24919327                   /nix/store/bcms6vbac6jyffwyj8y630brpy1il4ks-glib-2.80.0/lib/libgio-2.0.so.0.8000.0
7f732f5fd000-7f732f5fe000 rw-p 001ea000 08:12 24919327                   /nix/store/bcms6vbac6jyffwyj8y630brpy1il4ks-glib-2.80.0/lib/libgio-2.0.so.0.8000.0
7f732f5fe000-7f732f600000 rw-p 00000000 00:00 0 
7f732f600000-7f732f693000 r--p 00000000 08:12 26477606                   /nix/store/nx27cp48ylj2bmrf1r72ncl3pcq7w5df-gtk+3-3.24.41/lib/libgtk-3.so.0.2409.32
7f732f693000-7f732fa19000 r-xp 00093000 08:12 26477606                   /nix/store/nx27cp48ylj2bmrf1r72ncl3pcq7w5df-gtk+3-3.24.41/lib/libgtk-3.so.0.2409.32
7f732fa19000-7f732fdd6000 r--p 00419000 08:12 26477606                   /nix/store/nx27cp48ylj2bmrf1r72ncl3pcq7w5df-gtk+3-3.24.41/lib/libgtk-3.so.0.2409.32
7f732fdd6000-7f732fde7000 r--p 007d5000 08:12 26477606                   /nix/store/nx27cp48ylj2bmrf1r72ncl3pcq7w5df-gtk+3-3.24.41/lib/libgtk-3.so.0.2409.32
7f732fde7000-7f732fdea000 rw-p 007e6000 08:12 26477606                   /nix/store/nx27cp48ylj2bmrf1r72ncl3pcq7w5df-gtk+3-3.24.41/lib/libgtk-3.so.0.2409.32
7f732fdea000-7f732fdef000 rw-p 00000000 00:00 0 
7f732fdef000-7f732fdf0000 r--p 00000000 08:12 22153948                   /nix/store/qa2j4ql5vb7n1zyi8ai5acivsjkg0l8m-brotli-1.1.0-lib/lib/libbrotlidec.so.1.1.0
7f732fdf0000-7f732fdf8000 r-xp 00001000 08:12 22153948                   /nix/store/qa2j4ql5vb7n1zyi8ai5acivsjkg0l8m-brotli-1.1.0-lib/lib/libbrotlidec.so.1.1.0
7f732fdf8000-7f732fdfb000 r--p 00009000 08:12 22153948                   /nix/store/qa2j4ql5vb7n1zyi8ai5acivsjkg0l8m-brotli-1.1.0-lib/lib/libbrotlidec.so.1.1.0
7f732fdfb000-7f732fdfc000 r--p 0000b000 08:12 22153948                   /nix/store/qa2j4ql5vb7n1zyi8ai5acivsjkg0l8m-brotli-1.1.0-lib/lib/libbrotlidec.so.1.1.0
7f732fdfc000-7f732fdfd000 rw-p 0000c000 08:12 22153948                   /nix/store/qa2j4ql5vb7n1zyi8ai5acivsjkg0l8m-brotli-1.1.0-lib/lib/libbrotlidec.so.1.1.0
7f732fdfd000-7f732fdff000 rw-p 00000000 00:00 0 
7f732fdff000-7f732fe01000 r--p 00000000 08:12 22293045                   /nix/store/q4k8gmw2gpncglwdvz9fmqqwnynsb143-bzip2-1.0.8/lib/libbz2.so.1.0.8
7f732fe01000-7f732fe0e000 r-xp 00002000 08:12 22293045                   /nix/store/q4k8gmw2gpncglwdvz9fmqqwnynsb143-bzip2-1.0.8/lib/libbz2.so.1.0.8
7f732fe0e000-7f732fe10000 r--p 0000f000 08:12 22293045                   /nix/store/q4k8gmw2gpncglwdvz9fmqqwnynsb143-bzip2-1.0.8/lib/libbz2.so.1.0.8
7f732fe10000-7f732fe11000 r--p 00010000 08:12 22293045                   /nix/store/q4k8gmw2gpncglwdvz9fmqqwnynsb143-bzip2-1.0.8/lib/libbz2.so.1.0.8
7f732fe11000-7f732fe12000 rw-p 00011000 08:12 22293045                   /nix/store/q4k8gmw2gpncglwdvz9fmqqwnynsb143-bzip2-1.0.8/lib/libbz2.so.1.0.8
7f732fe12000-7f732fe20000 r--p 00000000 08:12 24917992                   /nix/store/8ilnvaa1d66z1qn866phpdx5jpam0lm7-freetype-2.13.2/lib/libfreetype.so.6.20.1
7f732fe20000-7f732feac000 r-xp 0000e000 08:12 24917992                   /nix/store/8ilnvaa1d66z1qn866phpdx5jpam0lm7-freetype-2.13.2/lib/libfreetype.so.6.20.1
7f732feac000-7f732fed7000 r--p 0009a000 08:12 24917992                   /nix/store/8ilnvaa1d66z1qn866phpdx5jpam0lm7-freetype-2.13.2/lib/libfreetype.so.6.20.1
7f732fed7000-7f732fedf000 r--p 000c4000 08:12 24917992                   /nix/store/8ilnvaa1d66z1qn866phpdx5jpam0lm7-freetype-2.13.2/lib/libfreetype.so.6.20.1
7f732fedf000-7f732fee0000 rw-p 000cc000 08:12 24917992                   /nix/store/8ilnvaa1d66z1qn866phpdx5jpam0lm7-freetype-2.13.2/lib/libfreetype.so.6.20.1
7f732fee0000-7f732fee2000 rw-p 00000000 00:00 0 
7f732fee2000-7f732fef3000 r--p 00000000 08:12 25560071                   /nix/store/dykvya3sd0q7mwixqirlvjphg5f73li8-gconf-3.2.6/lib/libgconf-2.so.4.1.5
7f732fef3000-7f732ff12000 r-xp 00011000 08:12 25560071                   /nix/store/dykvya3sd0q7mwixqirlvjphg5f73li8-gconf-3.2.6/lib/libgconf-2.so.4.1.5
7f732ff12000-7f732ff20000 r--p 00030000 08:12 25560071                   /nix/store/dykvya3sd0q7mwixqirlvjphg5f73li8-gconf-3.2.6/lib/libgconf-2.so.4.1.5
7f732ff20000-7f732ff23000 r--p 0003d000 08:12 25560071                   /nix/store/dykvya3sd0q7mwixqirlvjphg5f73li8-gconf-3.2.6/lib/libgconf-2.so.4.1.5
7f732ff23000-7f732ff25000 rw-p 00040000 08:12 25560071                   /nix/store/dykvya3sd0q7mwixqirlvjphg5f73li8-gconf-3.2.6/lib/libgconf-2.so.4.1.5
7f732ff25000-7f732ff3c000 r--p 00000000 08:12 25063609                   /nix/store/pn28qnv69yfalzcmhc5s1jv364g0s4nx-gnome-vfs-2.24.4/lib/libgnomevfs-2.so.0.2400.4
7f732ff3c000-7f732ff74000 r-xp 00017000 08:12 25063609                   /nix/store/pn28qnv69yfalzcmhc5s1jv364g0s4nx-gnome-vfs-2.24.4/lib/libgnomevfs-2.so.0.2400.4
7f732ff74000-7f732ff8d000 r--p 0004f000 08:12 25063609                   /nix/store/pn28qnv69yfalzcmhc5s1jv364g0s4nx-gnome-vfs-2.24.4/lib/libgnomevfs-2.so.0.2400.4
7f732ff8d000-7f732ff91000 r--p 00067000 08:12 25063609                   /nix/store/pn28qnv69yfalzcmhc5s1jv364g0s4nx-gnome-vfs-2.24.4/lib/libgnomevfs-2.so.0.2400.4
7f732ff91000-7f732ff92000 rw-p 0006b000 08:12 25063609                   /nix/store/pn28qnv69yfalzcmhc5s1jv364g0s4nx-gnome-vfs-2.24.4/lib/libgnomevfs-2.so.0.2400.4
7f732ff92000-7f732ff93000 rw-p 00000000 00:00 0 
7f732ff93000-7f732ff97000 r--p 00000000 08:12 23603056                   /nix/store/l0yzhkqb9615ifq2gcl2r9i6544qisn1-file-5.45/lib/libmagic.so.1.0.0
7f732ff97000-7f732ffb3000 r-xp 00004000 08:12 23603056                   /nix/store/l0yzhkqb9615ifq2gcl2r9i6544qisn1-file-5.45/lib/libmagic.so.1.0.0
7f732ffb3000-7f732ffbc000 r--p 00020000 08:12 23603056                   /nix/store/l0yzhkqb9615ifq2gcl2r9i6544qisn1-file-5.45/lib/libmagic.so.1.0.0
7f732ffbc000-7f732ffbe000 r--p 00028000 08:12 23603056                   /nix/store/l0yzhkqb9615ifq2gcl2r9i6544qisn1-file-5.45/lib/libmagic.so.1.0.0
7f732ffbe000-7f732ffbf000 rw-p 0002a000 08:12 23603056                   /nix/store/l0yzhkqb9615ifq2gcl2r9i6544qisn1-file-5.45/lib/libmagic.so.1.0.0
7f732ffbf000-7f732ffc1000 rw-p 00000000 00:00 0 
7f732ffc1000-7f732ffc3000 r--p 00000000 08:12 24925201                   /nix/store/nn8n0jxm4wsphi1xlvynjw72176kkdg1-libXrandr-1.5.4/lib/libXrandr.so.2.2.0
7f732ffc3000-7f732ffca000 r-xp 00002000 08:12 24925201                   /nix/store/nn8n0jxm4wsphi1xlvynjw72176kkdg1-libXrandr-1.5.4/lib/libXrandr.so.2.2.0
7f732ffca000-7f732ffcc000 r--p 00009000 08:12 24925201                   /nix/store/nn8n0jxm4wsphi1xlvynjw72176kkdg1-libXrandr-1.5.4/lib/libXrandr.so.2.2.0
7f732ffcc000-7f732ffcd000 r--p 0000a000 08:12 24925201                   /nix/store/nn8n0jxm4wsphi1xlvynjw72176kkdg1-libXrandr-1.5.4/lib/libXrandr.so.2.2.0
7f732ffcd000-7f732ffce000 rw-p 0000b000 08:12 24925201                   /nix/store/nn8n0jxm4wsphi1xlvynjw72176kkdg1-libXrandr-1.5.4/lib/libXrandr.so.2.2.0
7f732ffce000-7f732ffcf000 r--p 00000000 08:12 24924913                   /nix/store/yqm8dx3yrwm74iykq2vgzkfpb6whrxfi-libXinerama-1.1.5/lib/libXinerama.so.1.0.0
7f732ffcf000-7f732ffd0000 r-xp 00001000 08:12 24924913                   /nix/store/yqm8dx3yrwm74iykq2vgzkfpb6whrxfi-libXinerama-1.1.5/lib/libXinerama.so.1.0.0
7f732ffd0000-7f732ffd1000 r--p 00002000 08:12 24924913                   /nix/store/yqm8dx3yrwm74iykq2vgzkfpb6whrxfi-libXinerama-1.1.5/lib/libXinerama.so.1.0.0
7f732ffd1000-7f732ffd2000 r--p 00002000 08:12 24924913                   /nix/store/yqm8dx3yrwm74iykq2vgzkfpb6whrxfi-libXinerama-1.1.5/lib/libXinerama.so.1.0.0
7f732ffd2000-7f732ffd3000 rw-p 00003000 08:12 24924913                   /nix/store/yqm8dx3yrwm74iykq2vgzkfpb6whrxfi-libXinerama-1.1.5/lib/libXinerama.so.1.0.0
7f732ffd3000-7f732fff3000 r--p 00000000 08:12 25559759                   /nix/store/f4s21c341grmvqsbkskpp8mwlqg74vh6-cups-2.4.7-lib/lib/libcups.so.2
7f732fff3000-7f7330037000 r-xp 00020000 08:12 25559759                   /nix/store/f4s21c341grmvqsbkskpp8mwlqg74vh6-cups-2.4.7-lib/lib/libcups.so.2
7f7330037000-7f7330053000 r--p 00064000 08:12 25559759                   /nix/store/f4s21c341grmvqsbkskpp8mwlqg74vh6-cups-2.4.7-lib/lib/libcups.so.2
7f7330053000-7f733005d000 r--p 00080000 08:12 25559759                   /nix/store/f4s21c341grmvqsbkskpp8mwlqg74vh6-cups-2.4.7-lib/lib/libcups.so.2
7f733005d000-7f733005e000 rw-p 0008a000 08:12 25559759                   /nix/store/f4s21c341grmvqsbkskpp8mwlqg74vh6-cups-2.4.7-lib/lib/libcups.so.2
7f733005e000-7f7330066000 r--p 00000000 08:12 24918294                   /nix/store/b2f6xbjgm7zs6z0hrvmwpxhiacigc4nh-fontconfig-2.15.0-lib/lib/libfontconfig.so.1.12.1
7f7330066000-7f733008f000 r-xp 00008000 08:12 24918294                   /nix/store/b2f6xbjgm7zs6z0hrvmwpxhiacigc4nh-fontconfig-2.15.0-lib/lib/libfontconfig.so.1.12.1
7f733008f000-7f73300a8000 r--p 00031000 08:12 24918294                   /nix/store/b2f6xbjgm7zs6z0hrvmwpxhiacigc4nh-fontconfig-2.15.0-lib/lib/libfontconfig.so.1.12.1
7f73300a8000-7f73300aa000 r--p 0004a000 08:12 24918294                   /nix/store/b2f6xbjgm7zs6z0hrvmwpxhiacigc4nh-fontconfig-2.15.0-lib/lib/libfontconfig.so.1.12.1
7f73300aa000-7f73300ab000 rw-p 0004c000 08:12 24918294                   /nix/store/b2f6xbjgm7zs6z0hrvmwpxhiacigc4nh-fontconfig-2.15.0-lib/lib/libfontconfig.so.1.12.1
7f73300ab000-7f73300ac000 r--p 00000000 08:12 22154891                   /nix/store/apab5i73dqa09wx0q27b6fbhd1r18ihl-glibc-2.39-31/lib/libdl.so.2
7f73300ac000-7f73300ad000 r-xp 00001000 08:12 22154891                   /nix/store/apab5i73dqa09wx0q27b6fbhd1r18ihl-glibc-2.39-31/lib/libdl.so.2
7f73300ad000-7f73300ae000 r--p 00002000 08:12 22154891                   /nix/store/apab5i73dqa09wx0q27b6fbhd1r18ihl-glibc-2.39-31/lib/libdl.so.2
7f73300ae000-7f73300af000 r--p 00002000 08:12 22154891                   /nix/store/apab5i73dqa09wx0q27b6fbhd1r18ihl-glibc-2.39-31/lib/libdl.so.2
7f73300af000-7f73300b0000 rw-p 00003000 08:12 22154891                   /nix/store/apab5i73dqa09wx0q27b6fbhd1r18ihl-glibc-2.39-31/lib/libdl.so.2
7f73300b0000-7f73300b2000 rw-p 00000000 00:00 0 
7f73300b2000-7f73300b3000 r--p 00000000 08:12 22155061                   /nix/store/apab5i73dqa09wx0q27b6fbhd1r18ihl-glibc-2.39-31/lib/libpthread.so.0
7f73300b3000-7f73300b4000 r-xp 00001000 08:12 22155061                   /nix/store/apab5i73dqa09wx0q27b6fbhd1r18ihl-glibc-2.39-31/lib/libpthread.so.0
7f73300b4000-7f73300b5000 r--p 00002000 08:12 22155061                   /nix/store/apab5i73dqa09wx0q27b6fbhd1r18ihl-glibc-2.39-31/lib/libpthread.so.0
7f73300b5000-7f73300b6000 r--p 00002000 08:12 22155061                   /nix/store/apab5i73dqa09wx0q27b6fbhd1r18ihl-glibc-2.39-31/lib/libpthread.so.0
7f73300b6000-7f73300b7000 rw-p 00003000 08:12 22155061                   /nix/store/apab5i73dqa09wx0q27b6fbhd1r18ihl-glibc-2.39-31/lib/libpthread.so.0
7f73300b7000-7f73300ba000 r--p 00000000 08:12 27275163                   /nix/store/maaa5292j41lm6jbzwq6yvbpqxlli6hy-openjdk-17.0.7+7/lib/openjdk/lib/libjli.so
7f73300ba000-7f73300c4000 r-xp 00003000 08:12 27275163                   /nix/store/maaa5292j41lm6jbzwq6yvbpqxlli6hy-openjdk-17.0.7+7/lib/openjdk/lib/libjli.so
7f73300c4000-7f73300c7000 r--p 0000d000 08:12 27275163                   /nix/store/maaa5292j41lm6jbzwq6yvbpqxlli6hy-openjdk-17.0.7+7/lib/openjdk/lib/libjli.so
7f73300c7000-7f73300c8000 r--p 00010000 08:12 27275163                   /nix/store/maaa5292j41lm6jbzwq6yvbpqxlli6hy-openjdk-17.0.7+7/lib/openjdk/lib/libjli.so
7f73300c8000-7f73300c9000 rw-p 00011000 08:12 27275163                   /nix/store/maaa5292j41lm6jbzwq6yvbpqxlli6hy-openjdk-17.0.7+7/lib/openjdk/lib/libjli.so
7f73300c9000-7f73300cb000 rw-p 00015000 08:12 27275163                   /nix/store/maaa5292j41lm6jbzwq6yvbpqxlli6hy-openjdk-17.0.7+7/lib/openjdk/lib/libjli.so
7f73300cb000-7f73300ce000 r--p 00000000 08:12 26114614                   /nix/store/nw1bnjadmzk9hnd4nbvxmqlh074vr16j-zlib-1.3.1/lib/libz.so.1.3.1
7f73300ce000-7f73300e0000 r-xp 00003000 08:12 26114614                   /nix/store/nw1bnjadmzk9hnd4nbvxmqlh074vr16j-zlib-1.3.1/lib/libz.so.1.3.1
7f73300e0000-7f73300e7000 r--p 00015000 08:12 26114614                   /nix/store/nw1bnjadmzk9hnd4nbvxmqlh074vr16j-zlib-1.3.1/lib/libz.so.1.3.1
7f73300e7000-7f73300e8000 r--p 0001b000 08:12 26114614                   /nix/store/nw1bnjadmzk9hnd4nbvxmqlh074vr16j-zlib-1.3.1/lib/libz.so.1.3.1
7f73300e8000-7f73300e9000 rw-p 0001c000 08:12 26114614                   /nix/store/nw1bnjadmzk9hnd4nbvxmqlh074vr16j-zlib-1.3.1/lib/libz.so.1.3.1
7f73300e9000-7f73300eb000 rw-p 00000000 00:00 0 
7f73300eb000-7f73300ef000 r--p 00000000 00:00 0                          [vvar]
7f73300ef000-7f73300f1000 r-xp 00000000 00:00 0                          [vdso]
7f73300f1000-7f73300f2000 r--p 00000000 08:12 22155992                   /nix/store/apab5i73dqa09wx0q27b6fbhd1r18ihl-glibc-2.39-31/lib/ld-linux-x86-64.so.2
7f73300f2000-7f7330119000 r-xp 00001000 08:12 22155992                   /nix/store/apab5i73dqa09wx0q27b6fbhd1r18ihl-glibc-2.39-31/lib/ld-linux-x86-64.so.2
7f7330119000-7f7330124000 r--p 00028000 08:12 22155992                   /nix/store/apab5i73dqa09wx0q27b6fbhd1r18ihl-glibc-2.39-31/lib/ld-linux-x86-64.so.2
7f7330124000-7f7330126000 r--p 00033000 08:12 22155992                   /nix/store/apab5i73dqa09wx0q27b6fbhd1r18ihl-glibc-2.39-31/lib/ld-linux-x86-64.so.2
7f7330126000-7f7330128000 rw-p 00035000 08:12 22155992                   /nix/store/apab5i73dqa09wx0q27b6fbhd1r18ihl-glibc-2.39-31/lib/ld-linux-x86-64.so.2
7ffd8879f000-7ffd887ca000 rw-p 00000000 00:00 0                          [stack]
ffffffffff600000-ffffffffff601000 --xp 00000000 00:00 0                  [vsyscall]


VM Arguments:
jvm_args: -Dawt.useSystemAAFontSettings=on -Xmx512M --add-opens=javafx.graphics/com.sun.glass.ui=ALL-UNNAMED 
java_command: bluej.Boot /home/cooperfrolich/Documents/Tic Tac Toe Multiplayer/v7/package.bluej
java_class_path (initial): /nix/store/xad1zaqp7m90939vvnkmsn2c85y0y8qf-bluej-5.2.0/share/bluej/boot.jar
Launcher Type: SUN_STANDARD

[Global flags]
     intx CICompilerCount                          = 4                                         {product} {ergonomic}
     uint ConcGCThreads                            = 2                                         {product} {ergonomic}
     uint G1ConcRefinementThreads                  = 8                                         {product} {ergonomic}
   size_t G1HeapRegionSize                         = 1048576                                   {product} {ergonomic}
    uintx GCDrainStackTargetSize                   = 64                                        {product} {ergonomic}
   size_t InitialHeapSize                          = 197132288                                 {product} {ergonomic}
   size_t MarkStackSize                            = 4194304                                   {product} {ergonomic}
   size_t MaxHeapSize                              = 536870912                                 {product} {command line}
   size_t MaxNewSize                               = 321912832                                 {product} {ergonomic}
   size_t MinHeapDeltaBytes                        = 1048576                                   {product} {ergonomic}
   size_t MinHeapSize                              = 8388608                                   {product} {ergonomic}
    uintx NonNMethodCodeHeapSize                   = 5839372                                {pd product} {ergonomic}
    uintx NonProfiledCodeHeapSize                  = 122909434                              {pd product} {ergonomic}
    uintx ProfiledCodeHeapSize                     = 122909434                              {pd product} {ergonomic}
    uintx ReservedCodeCacheSize                    = 251658240                              {pd product} {ergonomic}
     bool SegmentedCodeCache                       = true                                      {product} {ergonomic}
   size_t SoftMaxHeapSize                          = 536870912                              {manageable} {ergonomic}
     bool UseCompressedClassPointers               = true                           {product lp64_product} {ergonomic}
     bool UseCompressedOops                        = true                           {product lp64_product} {ergonomic}
     bool UseG1GC                                  = true                                      {product} {ergonomic}

Logging:
Log output configuration:
 #0: stdout all=warning uptime,level,tags
 #1: stderr all=off uptime,level,tags

Environment Variables:
JAVA_HOME=/nix/store/7r44xx5jz5plr1qg2mznsk7g7dh1szdq-openjdk-21+35/lib/openjdk
PATH=/run/wrappers/bin:/home/cooperfrolich/.nix-profile/bin:/nix/profile/bin:/home/cooperfrolich/.local/state/nix/profile/bin:/etc/profiles/per-user/cooperfrolich/bin:/nix/var/nix/profiles/default/bin:/run/current-system/sw/bin
SHELL=/run/current-system/sw/bin/bash
DISPLAY=:0
LANG=en_US.UTF-8
TERM=dumb

Active Locale:
LC_ALL=en_US.UTF-8
LC_COLLATE=en_US.UTF-8
LC_CTYPE=en_US.UTF-8
LC_MESSAGES=en_US.UTF-8
LC_MONETARY=en_US.UTF-8
LC_NUMERIC=en_US.UTF-8
LC_TIME=en_US.UTF-8

Signal Handlers:
   SIGSEGV: crash_handler in libjvm.so, mask=11100100010111111101111111111110, flags=SA_RESTART|SA_SIGINFO, unblocked
    SIGBUS: crash_handler in libjvm.so, mask=11100100010111111101111111111110, flags=SA_RESTART|SA_SIGINFO, unblocked
    SIGFPE: crash_handler in libjvm.so, mask=11100100010111111101111111111110, flags=SA_RESTART|SA_SIGINFO, unblocked
   SIGPIPE: SIG_IGN, mask=00000000000010000000000000000000, flags=SA_RESTART, blocked
  *** Handler was modified!
  *** Expected: javaSignalHandler in libjvm.so, mask=11100100110111111111111111111110, flags=SA_RESTART|SA_SIGINFO
   SIGXFSZ: javaSignalHandler in libjvm.so, mask=11100100010111111101111111111110, flags=SA_RESTART|SA_SIGINFO, blocked
    SIGILL: crash_handler in libjvm.so, mask=11100100010111111101111111111110, flags=SA_RESTART|SA_SIGINFO, unblocked
   SIGUSR2: SR_handler in libjvm.so, mask=00000000000000000000000000000000, flags=SA_RESTART|SA_SIGINFO, blocked
    SIGHUP: UserHandler in libjvm.so, mask=11100100010111111101111111111110, flags=SA_RESTART|SA_SIGINFO, blocked
    SIGINT: UserHandler in libjvm.so, mask=11100100010111111101111111111110, flags=SA_RESTART|SA_SIGINFO, blocked
   SIGTERM: UserHandler in libjvm.so, mask=11100100010111111101111111111110, flags=SA_RESTART|SA_SIGINFO, blocked
   SIGQUIT: UserHandler in libjvm.so, mask=11100100010111111101111111111110, flags=SA_RESTART|SA_SIGINFO, blocked
   SIGTRAP: crash_handler in libjvm.so, mask=11100100010111111101111111111110, flags=SA_RESTART|SA_SIGINFO, unblocked


---------------  S Y S T E M  ---------------

OS:
DISTRIB_CODENAME=uakari
DISTRIB_DESCRIPTION="NixOS 24.05 (Uakari)"
DISTRIB_ID=nixos
DISTRIB_RELEASE="24.05"
LSB_VERSION="24.05 (Uakari)"
uname: Linux 6.8.9 #1-NixOS SMP PREEMPT_DYNAMIC Thu May  2 14:35:35 UTC 2024 x86_64
OS uptime: 3 days 3:14 hours
libc: glibc 2.39 NPTL 2.39 
rlimit (soft/hard): STACK 8192k/infinity , CORE infinity/infinity , NPROC 47568/47568 , NOFILE 524288/524288 , AS infinity/infinity , CPU infinity/infinity , DATA infinity/infinity , FSIZE infinity/infinity , MEMLOCK 8192k/8192k
load average: 0.39 0.51 0.67

/proc/meminfo:
MemTotal:       12229856 kB
MemFree:          722096 kB
MemAvailable:    5651420 kB
Buffers:          537880 kB
Cached:          4282864 kB
SwapCached:            0 kB
Active:          6421680 kB
Inactive:        3056464 kB
Active(anon):    4934756 kB
Inactive(anon):    60892 kB
Active(file):    1486924 kB
Inactive(file):  2995572 kB
Unevictable:          92 kB
Mlocked:              84 kB
SwapTotal:             0 kB
SwapFree:              0 kB
Zswap:                 0 kB
Zswapped:              0 kB
Dirty:               572 kB
Writeback:             0 kB
AnonPages:       4657624 kB
Mapped:          1430240 kB
Shmem:            338248 kB
KReclaimable:     796068 kB
Slab:            1006180 kB
SReclaimable:     796068 kB
SUnreclaim:       210112 kB
KernelStack:       20208 kB
PageTables:        66444 kB
SecPageTables:         0 kB
NFS_Unstable:          0 kB
Bounce:                0 kB
WritebackTmp:          0 kB
CommitLimit:     6114928 kB
Committed_AS:   16309792 kB
VmallocTotal:   34359738367 kB
VmallocUsed:       69076 kB
VmallocChunk:          0 kB
Percpu:             6432 kB
HardwareCorrupted:     0 kB
AnonHugePages:         0 kB
ShmemHugePages:        0 kB
ShmemPmdMapped:        0 kB
FileHugePages:         0 kB
FilePmdMapped:         0 kB
CmaTotal:              0 kB
CmaFree:               0 kB
Unaccepted:            0 kB
HugePages_Total:       0
HugePages_Free:        0
HugePages_Rsvd:        0
HugePages_Surp:        0
Hugepagesize:       2048 kB
Hugetlb:               0 kB
DirectMap4k:     2465772 kB
DirectMap2M:    10094592 kB

/sys/kernel/mm/transparent_hugepage/enabled: always [madvise] never
/sys/kernel/mm/transparent_hugepage/defrag (defrag/compaction efforts parameter): always defer defer+madvise [madvise] never

Process Memory:
Virtual Size: 92789916K (peak: 123615500K)
Resident Set Size: 717648K (peak: 718236K) (anon: 528936K, file: 173312K, shmem: 15400K)
Swapped out: 0K
C-Heap outstanding allocations: 68581K, retained: 159754K
glibc malloc tunables: (default)

/proc/sys/kernel/threads-max (system-wide limit on the number of threads): 95136
/proc/sys/vm/max_map_count (maximum number of memory map areas a process may have): 1048576
/proc/sys/kernel/pid_max (system-wide limit on number of process identifiers): 4194304

container (cgroup) information:
container_type: cgroupv2
cpu_cpuset_cpus: not supported
cpu_memory_nodes: not supported
active_processor_count: 8
cpu_quota: not supported
cpu_period: not supported
cpu_shares: not supported
memory_limit_in_bytes: unlimited
memory_and_swap_limit_in_bytes: unlimited
memory_soft_limit_in_bytes: unlimited
memory_usage_in_bytes: 580848 k
memory_max_usage_in_bytes: not supported
memory_swap_current_in_bytes: unlimited
memory_swap_max_limit_in_bytes: unlimited
maximum number of tasks: 14270
current number of tasks: 81

Steal ticks since vm start: 0
Steal ticks percentage since vm start:  0.000

CPU: total 8 (initial active 8) (4 cores per cpu, 2 threads per core) family 6 model 42 stepping 7 microcode 0x2f, cx8, cmov, fxsr, ht, mmx, sse, sse2, sse3, ssse3, sse4.1, sse4.2, popcnt, tsc, tscinvbit, avx, aes, clmul, vzeroupper, clflush
CPU Model and flags from /proc/cpuinfo:
model name	: Intel(R) Core(TM) i7-2600S CPU @ 2.80GHz
flags		: fpu vme de pse tsc msr pae mce cx8 apic sep mtrr pge mca cmov pat pse36 clflush dts acpi mmx fxsr sse sse2 ht tm pbe syscall nx rdtscp lm constant_tsc arch_perfmon pebs bts rep_good nopl xtopology nonstop_tsc cpuid aperfmperf pni pclmulqdq dtes64 monitor ds_cpl vmx smx est tm2 ssse3 cx16 xtpr pdcm pcid sse4_1 sse4_2 x2apic popcnt tsc_deadline_timer aes xsave avx lahf_lm pti ssbd ibrs ibpb stibp tpr_shadow flexpriority ept vpid xsaveopt dtherm ida arat pln pts vnmi md_clear flush_l1d

Online cpus: 0-7
Offline cpus: 
BIOS frequency limitation: <Not Available>
Frequency switch latency (ns): 20000
Available cpu frequencies: <Not Available>
Current governor: schedutil
Core performance/turbo boost: <Not Available>

Memory: 4k page, physical 12229856k(722096k free), swap 0k(0k free)
Page Sizes: 4k

vm_info: OpenJDK 64-Bit Server VM (17.0.7+7-nixos) for linux-amd64 JRE (17.0.7+7-nixos), built on May  7 2024 13:04:52 by "" with gcc 13.2.0

END.
